證券代號,成交股數,成交筆數,成交金額,開盤價,最高價,最低價,收盤價,漲跌價差,最後揭示買價,最後揭示買量,最後揭示賣價,最後揭示賣量,本益比
0050,8100057,7600,939263431,115.65,116.25,115.5,116.25,0.7,116.25,42,116.3,36,0.0
0051,37774,198,1971887,52.5,52.5,52.0,52.1,0.5,52.05,2,52.25,15,0.0
0052,256854,346,25069362,97.5,97.9,97.2,97.75,0.4,97.75,42,97.85,4,0.0
0053,3430,12,193222,56.2,56.4,56.2,56.4,0.75,56.4,26,56.95,11,0.0
0055,159115,370,3568348,22.59,22.59,22.38,22.47,0.12,22.46,53,22.48,1,0.0
0056,19272355,8766,546711764,28.39,28.45,28.24,28.44,0.01,28.44,4,28.45,259,0.0
0057,21910,860,1797623,82.25,82.3,82.05,82.05,0.1,82.5,20,82.8,20,0.0
0061,62219,780,1214866,19.64,19.65,19.48,19.55,0.0,19.55,29,19.58,5,0.0
006203,3312,992,184489,56.0,56.0,56.0,56.0,0.05,55.95,30,56.05,10,0.0
006204,26261,881,1988634,76.0,76.0,75.45,75.95,0.35,75.95,9,76.2,10,0.0
006205,290437,119,9416298,32.65,32.7,32.3,32.46,0.06,32.46,1,32.47,2,0.0
006206,28782,963,890744,30.98,31.13,30.93,30.94,0.04,30.95,57,31.1,2,0.0
006207,65940,927,1700729,25.95,26.0,25.66,25.79,0.0,25.79,30,25.83,50,0.0
006208,2222829,2484,148358872,66.6,66.95,66.45,66.9,0.3,66.9,136,66.95,8,0.0
00625K,0,0,0,,,,,0.0,7.33,5,7.36,2,0.0
00631L,5223300,1935,526952327,100.8,101.5,100.2,101.0,0.65,101.0,229,101.05,1,0.0
00632R,187568011,7276,1106937412,5.91,5.92,5.88,5.9,0.01,5.9,2008,5.91,11889,0.0
00633L,19769995,2112,832156553,42.34,42.99,41.72,41.91,0.46,41.91,140,41.93,1,0.0
00634R,410200,82,1810696,4.39,4.44,4.38,4.42,0.02,4.41,707,4.42,221,0.0
00635U,491967,118,11427756,23.13,23.29,23.11,23.28,0.06,23.27,15,23.28,198,0.0
00636,210020,942,4665721,22.24,22.41,22.1,22.15,0.09,22.15,127,22.18,10,0.0
00636K,200,2,1474,7.37,7.37,7.37,7.37,0.01,7.35,11,7.41,11,0.0
00637L,73222345,9614,1222154435,16.69,17.01,16.48,16.57,0.2,16.57,1089,16.58,20,0.0
00638R,854001,65,8000129,9.35,9.42,9.28,9.42,0.07,9.39,30,9.4,408,0.0
00639,209131,61,2929425,14.14,14.14,13.94,13.97,0.04,13.99,152,14.0,3,0.0
00640L,86000,30,2379370,27.7,27.73,27.6,27.73,0.14,27.73,3,27.74,10,0.0
00641R,286000,40,2867660,10.03,10.04,10.01,10.02,0.03,10.02,8,10.03,107,0.0
00642U,2013568,503,38988626,19.25,19.43,19.25,19.35,0.17,19.35,10,19.36,45,0.0
00643,165166,43,2758156,16.7,16.84,16.62,16.7,0.05,16.7,19,16.71,15,0.0
00643K,0,0,0,,,,,0.0,3.78,2,3.84,1,0.0
00645,40975,18,1047492,25.58,25.58,25.54,25.57,0.03,25.57,33,25.58,5,0.0
00646,273242,356,10345264,37.85,37.96,37.79,37.92,0.05,37.92,3,37.94,5,0.0
00647L,248508,59,14465714,58.05,58.5,58.05,58.5,0.1,58.45,20,58.5,89,0.0
00648R,2661049,147,19250551,7.25,7.25,7.22,7.22,0.01,7.21,1106,7.22,219,0.0
00650L,2811082,481,40889946,14.46,14.7,14.38,14.59,0.24,14.58,2,14.59,53,0.0
00651R,515000,48,4539820,8.83,8.86,8.78,8.82,0.1,8.81,50,8.82,4,0.0
00652,171445,1048,4977073,29.0,29.11,28.86,28.89,0.01,28.88,2,28.9,2,0.0
00653L,469735,144,20163106,42.7,43.1,42.49,42.58,0.04,42.54,50,42.58,6,0.0
00654R,554000,120,4573710,8.28,8.3,8.23,8.3,0.04,8.3,46,8.31,30,0.0
00655L,1814699,672,54919778,30.48,30.95,29.95,30.17,0.3,30.17,137,30.18,1,0.0
00656R,132000,30,1106920,8.32,8.42,8.3,8.39,0.04,8.38,252,8.39,1,0.0
00657,44182,8,1443882,32.67,32.74,32.67,32.71,0.35,32.66,10,32.73,30,0.0
00657K,200,2,2176,10.88,10.88,10.88,10.88,0.11,10.87,11,10.91,11,0.0
00660,2337,4,63108,26.84,26.84,26.84,26.84,0.11,26.87,20,26.98,20,0.0
00661,1338,8,46590,34.74,34.74,34.74,34.74,0.0,34.7,1,34.76,50,0.0
00662,842507,306,42002520,49.72,49.96,49.69,49.95,0.14,49.94,19,49.95,1,0.0
00663L,29000,19,2653300,91.5,91.9,91.15,91.4,0.2,91.4,216,91.55,50,0.0
00664R,10894380,468,72882492,6.69,6.71,6.65,6.69,0.0,6.69,99,6.7,1073,0.0
00665L,4085420,640,38636282,9.45,9.6,9.32,9.47,0.19,9.47,166,9.48,15,0.0
00666R,284000,15,4353150,15.36,15.43,15.28,15.38,0.13,15.35,1,15.37,10,0.0
00668,20628,24,727975,35.26,35.37,35.23,35.37,0.23,35.33,40,35.38,1,0.0
00668K,200,2,2354,11.77,11.77,11.77,11.77,0.08,11.76,5,11.8,5,0.0
00669R,2543115,179,20996542,8.27,8.27,8.24,8.24,0.02,8.24,239,8.25,546,0.0
00670L,1803734,481,130740322,72.1,72.8,72.1,72.75,0.55,72.7,238,72.75,14,0.0
00671R,9102000,558,53039220,5.84,5.84,5.81,5.82,0.02,5.81,2971,5.82,2429,0.0
00673R,22299291,1622,183936786,8.27,8.28,8.2,8.25,0.03,8.24,1672,8.25,437,0.0
00674R,735004,199,9766782,13.34,13.35,13.25,13.28,0.07,13.27,18,13.28,140,0.0
00675L,747152,428,29629574,39.67,39.9,39.4,39.66,0.13,39.66,185,39.68,1,0.0
00676R,7151997,405,26228917,3.67,3.68,3.65,3.67,0.0,3.66,435,3.67,2449,0.0
00678,56442,18,1335120,23.58,23.66,23.58,23.65,0.21,23.66,2,23.68,10,0.0
00680L,1320762,355,20891074,15.75,15.9,15.75,15.86,0.57,15.85,1,15.86,16,0.0
00681R,178000,42,2880190,16.17,16.23,16.16,16.19,0.27,16.18,2,16.19,41,0.0
00682U,42025,36,879932,20.94,20.96,20.89,20.94,0.19,20.9,23,20.94,1,0.0
00683L,550055,172,12433716,22.71,22.71,22.5,22.61,0.42,22.6,4,22.61,67,0.0
00684R,7000,7,111880,15.98,16.0,15.98,16.0,0.11,15.97,25,16.0,20,0.0
00685L,3000,3,105570,35.22,35.25,35.1,35.1,0.05,35.23,10,35.3,10,0.0
00686R,2969000,58,11824350,3.98,3.99,3.96,3.97,0.01,3.97,214,3.98,210,0.0
00688L,1415000,140,22260770,15.75,15.82,15.65,15.81,0.51,15.8,20,15.81,199,0.0
00689R,28000,8,471530,16.84,16.86,16.83,16.84,0.29,16.82,1,16.83,1,0.0
00690,107694,699,3053092,28.35,28.41,28.35,28.35,0.09,28.44,10,28.5,15,0.0
00692,2420414,1404,69612568,28.69,28.83,28.64,28.8,0.05,28.79,120,28.8,37,0.0
00693U,120192,54,3012446,24.86,25.18,24.8,25.13,0.01,25.11,1,25.17,50,0.0
00700,140567,20,1811009,12.8,12.93,12.8,12.86,0.09,12.89,50,12.93,30,0.0
00701,616736,619,14936951,24.24,24.25,24.15,24.24,0.0,24.23,13,24.24,48,0.0
00702,209167,977,4505019,21.54,21.55,21.54,21.55,0.13,21.52,1,21.55,10,0.0
00703,52000,16,822230,15.83,15.87,15.78,15.86,0.23,15.86,19,15.88,1,0.0
00706L,2749303,592,29187957,10.57,10.77,10.5,10.66,0.35,10.65,16,10.66,7,0.0
00707R,22000,8,519470,23.7,23.7,23.46,23.46,0.32,23.54,30,23.55,1,0.0
00708L,625025,143,15098919,24.04,24.36,24.0,24.33,0.18,24.32,7,24.33,2,0.0
00709,88000,45,1885320,21.39,21.51,21.39,21.45,0.1,21.44,30,21.46,10,0.0
00710B,318652,120,5680270,17.84,17.85,17.8,17.82,0.02,17.81,1,17.82,7,0.0
00711B,155565,26,2602175,16.74,16.74,16.69,16.73,0.11,16.71,14,16.73,1,0.0
00712,2426966,1250,29591422,12.2,12.23,12.15,12.2,0.26,12.2,2,12.21,227,0.0
00713,852387,824,34325387,40.35,40.41,40.11,40.31,0.04,40.28,5,40.32,7,0.0
00714,566457,248,11914080,21.02,21.05,21.01,21.04,0.17,21.03,39,21.04,5,0.0
00715L,10153994,1963,202859166,19.73,20.16,19.73,20.0,0.36,20.0,426,20.02,6,0.0
00717,542226,231,8616974,15.86,15.92,15.86,15.89,0.16,15.89,98,15.9,78,0.0
00728,276081,236,6174421,22.3,22.41,22.28,22.41,0.03,22.4,26,22.41,14,0.0
00730,139626,170,2411417,17.3,17.33,17.21,17.28,0.05,17.24,3,17.26,1,0.0
00731,1039477,188,59548137,57.5,57.5,57.2,57.3,0.2,57.25,3,57.3,2,0.0
00732,117000,6,4823740,41.22,41.23,41.22,41.23,0.1,41.18,17,41.27,16,0.0
00733,244061,226,8033223,33.33,33.33,32.69,32.74,0.35,32.74,9,32.76,15,0.0
00735,111000,7,2822040,25.33,25.47,25.33,25.47,0.04,25.43,11,25.47,2,0.0
00736,100678,4,1913800,19.0,19.0,19.0,19.0,0.02,18.95,6,19.02,5,0.0
00737,100936,854,2746699,27.18,27.27,27.17,27.22,0.17,27.22,1,27.23,2,0.0
00738U,478700,134,9635571,20.05,20.23,20.0,20.2,0.25,20.2,86,20.21,8,0.0
00739,94459,1033,2300946,24.78,24.78,24.27,24.41,0.01,24.41,36,24.44,2,0.0
00743,8137,6,206789,25.4,25.56,25.35,25.35,0.06,25.42,38,25.67,2,0.0
00752,1105013,463,19866048,17.75,18.09,17.75,18.02,0.28,18.02,4,18.04,28,0.0
00753L,5615230,1346,69168400,12.19,12.49,12.17,12.38,0.34,12.38,46,12.39,12,0.0
00757,460892,399,18295798,39.58,39.91,39.5,39.85,0.26,39.8,7,39.85,10,0.0
00762,289301,110,9900005,34.3,34.3,34.17,34.26,0.0,34.26,16,34.28,18,0.0
00763U,55000,17,1236840,22.41,22.59,22.41,22.59,0.17,22.6,11,22.61,1,0.0
00770,109608,922,3448017,31.43,31.5,31.39,31.47,0.02,31.49,1,31.5,1,0.0
00771,166310,1096,2950586,17.7,17.78,17.7,17.76,0.14,17.76,1,17.78,12,0.0
00774B,3000,3,125600,41.9,41.9,41.85,41.85,0.1,41.61,2,42.03,1,0.0
00774C,0,0,0,,,,,0.0,9.22,25,9.33,1,0.0
00775B,53000,5,1908180,35.9,36.15,35.9,36.15,0.5,35.79,2,35.97,2,0.0
00783,200000,19,4275650,21.0,21.44,21.0,21.39,0.31,21.49,3,21.51,55,0.0
008201,5850,34,601329,104.05,104.55,103.65,104.5,1.05,103.75,194,104.5,2,0.0
00830,2622633,935,67437293,25.69,25.77,25.67,25.74,0.08,25.74,355,25.75,50,0.0
00850,1372662,446,42061221,30.54,30.73,30.49,30.73,0.16,30.69,15,30.73,8,0.0
00851,10204,963,269827,26.54,26.62,26.52,26.62,0.19,26.59,20,26.62,20,0.0
00852L,537000,102,10122290,18.8,18.93,18.8,18.93,0.18,18.9,253,18.93,249,0.0
00861,94193,119,2632146,27.88,27.94,27.87,27.92,0.11,27.92,111,27.93,2,0.0
00865B,104745,751,4092560,39.1,39.1,39.05,39.05,0.07,39.05,15,39.12,35,0.0
00875,98153,118,2598118,26.41,26.54,26.41,26.54,0.25,26.54,42,26.55,1,0.0
00876,374742,213,9775548,26.08,26.19,25.98,26.14,0.0,26.14,49,26.16,1,0.0
00878,51715167,23994,866620097,16.8,16.82,16.71,16.75,0.04,16.74,545,16.75,1363,0.0
00881,8924729,2763,129203438,14.4,14.51,14.4,14.51,0.08,14.5,295,14.51,145,0.0
00882,17425757,6931,200419858,11.53,11.59,11.45,11.49,0.04,11.48,353,11.49,262,0.0
00885,9489514,2920,136249531,14.31,14.38,14.31,14.38,0.13,14.37,174,14.38,198,0.0
00891,11425437,2134,132009321,11.47,11.6,11.47,11.59,0.09,11.59,18,11.6,30,0.0
00892,5046175,869,53309099,10.48,10.6,10.48,10.59,0.06,10.59,34,10.6,60,0.0
00893,20872066,3391,294144911,14.14,14.15,14.05,14.07,0.07,14.07,578,14.08,85,0.0
00894,902282,321,10413538,11.51,11.58,11.48,11.56,0.06,11.55,25,11.56,118,0.0
00895,6213538,1214,92213372,14.83,14.87,14.81,14.85,0.05,14.85,235,14.86,90,0.0
00896,1573004,469,20715544,13.2,13.22,13.14,13.19,0.03,13.19,35,13.2,152,0.0
00897,1904522,270,19163859,10.0,10.08,10.0,10.06,0.17,10.06,128,10.07,18,0.0
00898,667627,219,5230918,7.82,7.85,7.82,7.85,0.12,7.84,157,7.85,5,0.0
00899,700695,246,16857973,24.23,24.23,24.03,24.08,0.36,24.06,1,24.08,58,0.0
00900,72045015,18168,879488946,12.05,12.46,12.03,12.23,0.41,12.22,836,12.23,236,0.0
00901,378510,196,4619909,12.15,12.23,12.15,12.23,0.06,12.22,200,12.23,33,0.0
00902,4620252,1102,66644382,14.4,14.54,14.37,14.39,0.01,14.38,344,14.39,10,0.0
00903,3560195,754,37470278,10.5,10.55,10.49,10.52,0.16,10.52,102,10.53,40,0.0
00904,925401,173,10135901,10.87,11.0,10.87,10.97,0.06,10.97,11,10.98,5,0.0
00905,437994,200,3804799,8.72,8.73,8.66,8.69,0.0,8.69,51,8.7,3,0.0
00906,25131,18,246343,9.69,9.83,9.69,9.83,0.05,9.71,2,9.83,1,0.0
00907,789906,321,11378103,14.42,14.46,14.36,14.4,0.06,14.39,5,14.4,6,0.0
00908,820072,180,12388579,15.11,15.13,15.08,15.11,0.19,15.1,5,15.12,17,0.0
00909,871934,270,15132615,17.31,17.39,17.31,17.38,0.31,17.37,64,17.38,1,0.0
00910,46337,32,717928,15.4,15.6,15.4,15.4,0.16,15.41,1,15.49,20,0.0
00911,356011,62,5757977,16.18,16.2,16.15,16.18,0.08,16.17,27,16.19,13,0.0
00912,933215,146,13559835,14.52,14.56,14.5,14.55,0.04,14.55,50,14.56,24,0.0
01001T,0,0,0,,,,,0.0,16.63,3,16.7,1,0.0
01002T,16000,15,287690,17.97,18.0,17.97,17.97,0.07,17.99,7,18.01,2,0.0
01003T,6000,6,118240,19.6,19.8,19.6,19.8,0.2,19.62,1,19.79,1,0.0
01004T,0,0,0,,,,,0.0,15.51,1,15.83,2,0.0
01007T,0,0,0,,,,,0.0,18.16,2,18.5,1,0.0
01009T,12000,4,107250,8.95,9.0,8.9,9.0,0.03,8.93,5,8.99,4,0.0
01010T,37000,20,376200,10.16,10.23,10.11,10.23,0.01,10.15,9,10.23,8,0.0
020000,11000,1,70730,6.43,6.43,6.43,6.43,0.0,6.47,10,6.48,10,0.0
020002,1000,1,13140,13.14,13.14,13.14,13.14,0.12,13.13,499,13.15,355,0.0
020007,0,0,0,,,,,0.0,30.23,201,30.28,207,0.0
020011,0,0,0,,,,,0.0,6.9,448,6.91,301,0.0
020012,0,0,0,,,,,0.0,6.79,100,6.8,100,0.0
020015,0,0,0,,,,,0.0,14.59,445,14.61,295,0.0
020016,0,0,0,,,,,0.0,17.8,390,17.82,290,0.0
020018,5000,1,68550,13.71,13.71,13.71,13.71,0.12,13.72,405,13.73,313,0.0
020019,1000,1,11690,11.69,11.69,11.69,11.69,0.0,11.69,422,11.71,313,0.0
02001L,104000,5,890580,8.55,8.59,8.53,8.59,0.11,8.65,10,8.66,10,0.0
02001R,0,0,0,,,,,0.0,3.16,10,3.17,10,0.0
020020,114000,17,740440,6.46,6.53,6.46,6.53,0.03,6.52,499,6.53,499,0.0
020022,370000,33,1830750,4.97,4.98,4.94,4.95,0.02,4.95,499,4.96,499,0.0
020028,173000,16,827170,4.79,4.8,4.76,4.78,0.01,4.78,499,4.79,499,0.0
020029,49000,28,213320,4.3,4.36,4.3,4.36,0.01,4.35,501,4.36,501,0.0
020030,67000,12,252400,3.74,3.78,3.74,3.78,0.01,3.77,373,3.78,260,0.0
020031,329000,40,1097540,3.31,3.35,3.31,3.33,0.01,3.32,501,3.33,307,0.0
020032,96000,17,443630,4.63,4.63,4.59,4.59,0.04,4.6,499,4.61,519,0.0
020034,543000,61,2073210,3.82,3.85,3.8,3.81,0.01,3.8,511,3.81,443,0.0
1101,15977710,8338,623077746,39.05,39.1,38.75,39.1,0.05,39.05,227,39.1,24,13.62
1101B,7076,9,354707,50.1,50.2,50.0,50.2,0.0,50.0,12,50.2,27,0.0
1102,5117862,2660,211118477,41.4,41.45,41.0,41.45,0.05,41.4,1,41.45,136,10.21
1103,349515,199,6267115,17.95,18.05,17.85,17.9,0.1,17.9,22,17.95,31,16.42
1104,454209,235,9859069,21.85,22.0,21.6,21.7,0.25,21.65,4,21.7,1,10.19
1108,142576,109,1524469,10.85,10.85,10.55,10.55,0.2,10.55,5,10.6,3,16.23
1109,580885,293,11523805,19.85,19.9,19.75,19.85,0.0,19.8,16,19.85,8,10.18
1110,67000,39,1197300,17.95,18.0,17.75,18.0,0.05,17.85,2,18.0,8,66.67
1201,1497327,1120,29480500,19.7,19.95,19.4,19.95,0.1,19.9,22,19.95,41,19.37
1203,19662,43,656442,33.6,33.65,33.25,33.25,0.35,33.25,28,33.6,1,17.23
1210,894133,1135,42057979,47.25,47.25,46.7,47.15,0.4,47.1,21,47.15,18,23.23
1213,31001,24,232017,7.76,7.83,7.33,7.62,0.14,7.34,1,7.64,3,0.0
1215,954166,419,74719679,78.9,78.9,78.1,78.3,0.6,78.3,1,78.4,8,16.18
1216,7156096,4813,487676312,67.7,68.7,67.5,68.5,0.6,68.4,80,68.5,37,20.82
1217,10584568,3553,106702027,10.3,10.4,9.9,9.97,0.48,9.96,16,9.97,212,26.95
1218,2172267,2095,66973789,30.9,31.6,30.2,31.05,0.95,31.0,6,31.05,5,26.54
1219,1863308,746,37912292,20.3,20.55,20.15,20.2,0.4,20.2,21,20.25,41,22.44
1220,694314,347,10769844,15.65,15.7,15.4,15.55,0.25,15.5,18,15.55,3,18.73
1225,44545,37,2228048,50.1,50.5,49.3,50.3,0.3,50.2,1,50.7,1,24.07
1227,609017,534,25444686,42.0,42.0,41.7,41.8,0.25,41.8,6,41.85,8,17.13
1229,2470330,2626,141146556,58.5,58.5,56.6,57.1,1.4,57.0,16,57.1,6,19.49
1231,381502,1011,28858249,75.2,76.5,75.2,76.4,0.5,76.3,1,76.4,1,18.19
1232,41782,158,6368329,151.5,154.5,151.5,153.5,1.5,153.5,1,154.0,1,18.34
1233,14103,17,483478,34.4,34.45,34.05,34.45,0.35,34.45,1,34.6,1,70.31
1234,85350,74,2863036,33.8,33.8,33.45,33.5,0.0,33.5,8,33.55,3,17.09
1235,2360,10,141448,60.1,60.1,60.0,60.0,0.5,59.7,3,59.8,1,50.85
1236,638768,410,16603754,26.5,26.65,25.7,25.85,0.95,25.85,2,25.95,1,8.39
1256,9633,231,2493255,260.5,260.5,256.0,257.0,3.5,258.0,1,260.0,3,15.7
1301,8239624,3488,751767616,91.0,91.7,90.7,91.7,0.1,91.6,1027,91.7,68,8.0
1303,8924565,4838,599852312,67.1,67.8,66.7,67.7,0.0,67.7,941,67.8,250,6.82
1304,3478055,2084,76811753,22.35,22.5,21.85,22.0,0.35,21.95,9,22.0,15,5.26
1305,1308523,936,32544059,25.05,25.1,24.75,24.8,0.3,24.8,22,24.9,45,6.89
1307,45020,44,877746,19.5,19.6,19.35,19.5,0.0,19.5,1,19.6,4,390.0
1308,1769959,1099,45127712,25.9,26.0,25.25,25.3,0.6,25.3,31,25.35,16,5.41
1309,718426,612,16399238,23.0,23.1,22.7,22.8,0.35,22.75,19,22.8,7,5.33
1310,562099,454,7715660,13.85,13.85,13.6,13.75,0.1,13.7,2,13.8,33,0.0
1312,2709542,1135,52571111,19.6,19.65,19.25,19.35,0.25,19.35,15,19.4,99,3.95
1312A,0,0,0,,,,,0.0,29.1,1,29.4,3,0.0
1313,710332,369,10629616,15.0,15.05,14.85,14.95,0.1,14.9,4,14.95,105,10.68
1314,11427736,2605,114771725,10.1,10.15,10.0,10.0,0.2,10.0,337,10.05,323,14.49
1315,12175,18,823140,67.9,68.0,67.4,67.4,0.8,67.8,1,68.2,4,118.25
1316,1973051,837,28833566,14.9,14.9,14.35,14.45,0.45,14.45,3,14.5,17,0.0
1319,10393892,6640,498665147,50.0,50.0,47.0,47.5,2.15,47.5,113,47.55,3,38.0
1321,343100,225,11452503,32.85,33.85,32.8,33.4,0.6,33.4,1,33.45,1,133.6
1323,94158,60,3175174,33.75,33.85,33.6,33.85,0.05,33.65,2,33.85,17,10.95
1324,9010,9,94556,10.6,10.6,10.45,10.55,0.0,10.45,2,10.6,1,527.5
1325,312089,203,7383832,24.05,24.05,23.5,23.5,0.65,23.5,65,23.55,4,15.99
1326,3564661,1996,245588777,68.8,69.3,68.3,69.3,0.4,69.2,2,69.3,45,12.86
1337,128523,152,782982,6.14,6.15,6.04,6.04,0.06,6.04,2,6.1,3,0.0
1338,251415,217,14021059,57.3,57.3,55.0,55.0,1.9,54.9,5,55.1,2,12.82
1339,480003,523,20100414,42.7,43.4,40.95,41.35,1.35,41.15,6,41.4,1,15.97
1340,105536,194,1045469,9.8,10.0,9.8,9.95,0.05,9.9,1,9.99,1,0.0
1341,8001,8,528865,66.1,66.1,66.1,66.1,0.4,65.7,1,66.5,1,12.59
1342,87743,83,5785961,65.9,66.4,65.7,65.8,0.7,65.7,7,65.8,1,14.03
1402,13133179,4419,390164820,30.0,30.15,29.3,29.65,0.35,29.65,60,29.7,50,16.29
1409,1174795,554,21215032,18.05,18.15,18.0,18.05,0.1,18.0,442,18.05,67,7.19
1410,100009,98,3384647,33.5,34.2,33.35,33.35,0.1,33.3,21,33.45,3,28.75
1413,44125,24,410998,9.3,9.35,9.28,9.29,0.06,9.28,2,9.29,4,6.59
1414,89113,58,1451880,16.35,16.45,16.2,16.3,0.1,16.15,4,16.35,5,24.33
1416,76218,112,778294,10.2,10.25,10.15,10.2,0.05,10.2,3,10.25,7,21.7
1417,144822,56,1453131,10.05,10.1,10.0,10.05,0.05,10.0,9,10.05,1,1005.0
1418,28066,30,439970,16.1,16.25,15.4,15.8,0.2,15.65,1,15.95,3,0.0
1419,28370,31,1150927,40.5,40.85,40.4,40.5,0.1,40.35,4,40.5,1,6.69
1423,24053,18,447493,18.6,18.8,18.5,18.8,0.05,18.55,13,18.8,2,16.35
1432,300183,255,3611744,12.1,12.3,11.8,11.85,0.3,11.85,3,11.9,1,0.0
1434,1022177,658,26386943,25.85,25.9,25.75,25.75,0.2,25.75,133,25.8,41,20.44
1435,15579,84,877485,59.2,59.2,54.0,57.0,3.0,54.4,1,56.2,5,56.44
1436,39147,43,2289319,58.4,58.6,58.3,58.5,0.0,58.4,2,58.5,4,15.81
1437,47310,33,1146219,24.2,24.3,24.2,24.3,0.1,24.25,1,24.3,2,12.15
1438,172000,56,5588850,32.45,32.55,32.3,32.5,0.0,32.5,10,32.55,5,67.71
1439,11100,11,215604,19.45,19.5,19.3,19.5,0.05,19.5,1,19.75,1,14.13
1440,791236,445,13664343,17.2,17.45,17.2,17.2,0.25,17.2,114,17.25,11,11.1
1441,73620,103,591061,8.02,8.06,8.0,8.02,0.0,8.02,1,8.03,5,0.0
1442,95762,74,2115364,22.1,22.65,21.85,22.2,0.2,22.05,2,22.25,1,17.21
1443,47013,33,760208,16.2,16.3,16.05,16.2,0.15,16.1,81,16.3,6,7.94
1444,780309,287,7955563,10.25,10.3,10.15,10.15,0.1,10.15,115,10.2,52,11.53
1445,9300,22,142644,15.3,15.5,15.3,15.3,0.1,15.25,3,15.3,1,0.0
1446,222245,106,6984543,31.7,31.7,31.2,31.55,0.15,31.5,1,31.6,3,0.0
1447,716599,254,5782465,8.08,8.14,8.02,8.02,0.09,8.02,18,8.05,6,29.7
1449,37012,27,335287,9.08,9.13,9.01,9.13,0.02,9.12,1,9.14,1,6.57
1451,284997,156,6544529,22.9,23.2,22.85,22.85,0.05,22.85,2,22.9,2,12.49
1452,84727,63,1561874,18.4,18.5,18.35,18.4,0.1,18.4,8,18.45,2,9.11
1453,6056147,3288,132285680,21.1,22.75,21.05,21.1,0.3,21.1,12,21.2,2,15.75
1454,3166934,1668,46993244,14.9,15.45,13.9,14.05,0.35,14.0,50,14.05,4,93.67
1455,579772,233,6535403,11.25,11.35,11.2,11.25,0.05,11.25,1,11.3,80,9.7
1456,74194,34,1249707,17.0,17.0,16.7,16.9,0.05,16.8,1,16.9,2,5.38
1457,230211,134,3931314,17.0,17.15,17.0,17.05,0.05,17.05,9,17.1,2,3.48
1459,185884,126,1696741,9.13,9.18,9.06,9.13,0.05,9.13,10,9.14,2,5.07
1460,254234,123,1823912,7.17,7.21,7.15,7.16,0.06,7.16,8,7.17,1,0.0
1463,43236,34,598912,13.85,13.95,13.75,13.75,0.25,13.75,2,13.85,3,41.67
1464,343836,210,4922712,14.3,14.5,14.15,14.4,0.15,14.4,12,14.45,20,27.17
1465,11014,72,139221,12.6,12.65,12.6,12.6,0.0,12.55,8,12.6,3,0.0
1466,35002,22,431473,12.4,12.4,12.25,12.25,0.15,12.25,17,12.35,1,7.47
1467,1752180,396,21475597,12.1,12.45,12.1,12.35,0.1,12.35,90,12.4,25,0.0
1468,50000,37,631900,12.7,12.75,12.55,12.7,0.0,12.55,3,12.7,2,0.0
1470,13052,9,249340,19.0,19.3,18.9,18.9,0.35,18.8,2,18.9,2,18.9
1471,3368703,1408,33947135,9.85,10.3,9.85,9.94,0.11,9.94,5,9.99,3,0.0
1472,22452,27,412497,18.3,18.45,18.3,18.4,1.05,17.35,1,18.4,1,0.0
1473,525644,348,11067334,21.3,21.35,20.8,21.0,0.3,20.95,23,21.0,14,0.0
1474,132534,78,1510054,11.55,11.65,11.25,11.45,0.05,11.3,1,11.45,3,11.23
1475,12100,25,694703,57.1,57.9,57.1,57.5,0.7,57.3,2,57.8,1,26.5
1476,967782,1005,396291730,403.0,416.0,401.0,410.0,7.0,409.0,7,410.0,4,20.16
1477,1446756,1128,208642180,142.0,145.5,142.0,145.0,2.0,144.5,5,145.0,16,12.1
1503,563920,478,34745769,62.6,62.6,61.0,61.7,0.9,61.7,1,61.8,14,17.19
1504,1997263,1208,56903185,28.7,28.8,28.3,28.3,0.4,28.3,125,28.35,2,14.01
1506,212091,114,2991132,14.0,14.2,14.0,14.0,0.4,14.0,41,14.1,2,41.18
1512,158158,71,584029,3.66,3.8,3.66,3.75,0.04,3.75,8,3.8,11,0.0
1513,17734483,11840,1027228010,58.9,59.3,56.8,57.7,1.2,57.6,7,57.7,301,14.14
1514,4275801,2601,144558344,33.8,34.45,33.45,33.6,0.6,33.6,3,33.65,2,19.31
1515,1086295,810,35649341,33.35,33.4,32.3,32.55,0.95,32.55,1,32.6,3,8.73
1516,216745,180,5379401,25.0,25.6,24.35,24.4,0.05,24.4,12,24.5,4,14.35
1517,1295095,760,28901438,22.75,22.85,22.0,22.05,0.65,22.05,3,22.1,11,9.84
1519,770470,568,28060640,37.15,37.15,36.05,36.05,0.95,36.05,31,36.1,9,34.33
1521,20458,23,712124,35.0,35.0,34.6,34.9,0.1,34.8,3,34.85,3,32.62
1522,15741967,8367,472365747,30.95,31.0,29.35,29.7,0.95,29.65,43,29.7,25,26.05
1522A,3071,5,137352,44.65,44.95,44.6,44.95,0.0,44.95,1,45.0,1,0.0
1524,133692625,51018,3512278705,27.45,27.6,24.8,25.5,1.35,25.45,353,25.5,64,42.5
1525,14098,19,808082,57.3,57.7,57.1,57.7,0.2,57.3,1,57.5,1,15.1
1526,181360,153,7684360,42.45,42.8,42.1,42.2,0.25,42.15,7,42.2,3,8.44
1527,224846,209,9381594,42.05,42.05,41.6,41.8,0.25,41.7,4,41.8,19,11.0
1528,500335,264,4859721,9.8,9.85,9.61,9.61,0.17,9.61,1,9.62,2,8.14
1529,594782,399,9623491,16.3,16.5,16.05,16.1,0.25,16.1,4,16.15,13,19.17
1530,12847,46,393211,30.4,30.8,30.4,30.8,0.15,30.7,2,30.8,1,17.5
1531,220705,355,3079542,14.15,14.15,13.85,13.9,0.25,13.85,10,13.95,2,11.68
1532,262179,167,7568421,29.15,29.15,28.75,28.9,0.25,28.8,6,28.9,4,7.85
1533,848380,649,50633712,60.5,61.1,58.8,59.0,1.6,59.0,8,59.1,2,59.6
1535,69671,60,2873374,41.0,41.5,41.0,41.1,0.7,41.1,1,41.2,1,10.0
1536,2022551,1475,165907802,81.9,82.5,81.3,82.2,0.2,82.1,31,82.2,2,73.39
1537,86593,119,12267335,142.5,142.5,141.0,141.5,1.0,141.0,10,142.0,5,17.82
1538,1398,6,8947,6.38,6.38,6.38,6.38,0.28,6.36,1,6.39,1,0.0
1539,8492925,4766,271138232,31.5,32.85,30.6,32.0,1.0,31.95,52,32.0,14,11.81
1540,111666,86,1553353,13.95,14.05,13.85,13.9,0.05,13.9,5,13.95,2,139.0
1541,87192,82,3058255,35.0,35.4,34.8,35.05,0.2,35.05,3,35.15,1,7.07
1558,85510,97,11311692,132.0,133.0,132.0,132.5,0.5,132.0,23,132.5,1,22.53
1560,6972966,4830,1050433100,151.5,152.5,149.0,151.5,1.5,151.0,8,151.5,89,19.86
1568,10959519,6224,313655006,29.85,30.0,27.7,28.05,1.75,28.05,4,28.1,10,37.91
1582,156997,168,9710982,61.8,62.2,61.7,61.8,0.8,61.8,2,62.0,9,26.99
1583,7000,6,427300,61.0,61.3,61.0,61.3,0.3,60.9,5,61.1,1,18.35
1587,295553,222,7673055,26.5,26.55,25.75,25.85,0.55,25.8,11,25.85,1,16.26
1589,260749,235,14425652,55.5,56.4,55.0,55.0,1.1,55.0,7,55.1,1,0.0
1590,405028,445,335599327,834.0,834.0,820.0,827.0,2.0,826.0,3,827.0,4,24.79
1597,76418,70,5487611,72.4,73.2,71.1,72.2,0.4,72.2,1,72.6,1,18.51
1598,74586,71,2796723,37.65,37.8,37.2,37.75,0.1,37.75,2,37.8,3,36.3
1603,223328,141,5984973,27.1,27.25,26.6,26.6,0.55,26.6,2,26.65,2,16.94
1604,290778,191,7589217,26.2,26.2,26.0,26.2,0.0,26.1,4,26.2,27,5.73
1605,29341019,12681,945422020,32.6,32.8,31.95,32.1,0.6,32.05,232,32.1,77,6.63
1608,592038,327,8449775,14.35,14.4,14.2,14.25,0.2,14.2,8,14.25,9,14.25
1609,20664417,10908,448991277,22.4,22.5,21.1,21.25,2.1,21.25,24,21.3,190,11.24
1611,7733052,3580,140417408,18.75,18.95,17.9,18.15,0.55,18.15,123,18.2,48,21.1
1612,960223,558,15884915,16.85,16.85,16.35,16.4,0.45,16.4,9,16.45,15,1.97
1614,127274,34,4489976,35.1,35.45,35.1,35.25,0.15,35.2,6,35.3,1,25.18
1615,33047,31,1041045,31.75,32.0,31.3,31.35,0.4,31.3,8,31.35,1,8.4
1616,749206,339,6441543,8.8,8.8,8.41,8.45,0.27,8.42,6,8.45,14,16.25
1617,38033,36,572247,15.05,15.1,15.0,15.0,0.2,15.0,10,15.05,1,12.6
1618,42819,49,521799,12.2,12.25,12.15,12.2,0.1,12.2,1,12.25,3,10.17
1626,1283473,282,23768324,18.2,18.8,18.2,18.5,0.15,18.5,2,18.6,4,16.37
1701,923928,504,19152689,21.05,21.05,20.6,20.7,0.35,20.7,20,20.75,5,12.86
1702,121529,211,5390792,44.7,44.7,44.25,44.35,0.35,44.35,2,44.4,1,11.26
1707,121634,235,15709106,129.5,130.5,128.5,128.5,1.5,128.5,34,129.0,20,14.6
1708,5086638,3011,234373234,47.0,47.2,45.2,45.45,1.35,45.4,61,45.45,4,11.39
1709,1137597,628,27137929,24.05,24.25,23.7,23.85,0.2,23.8,6,23.85,2,11.14
1710,323395,216,5609755,17.3,17.6,17.25,17.3,0.15,17.3,36,17.35,6,57.67
1711,1333332,689,25923665,19.5,19.65,19.3,19.4,0.15,19.35,117,19.4,6,22.56
1712,1636992,1334,56346854,35.05,35.05,34.2,34.4,0.45,34.3,24,34.4,17,12.65
1713,54016,43,1310284,24.2,24.35,24.2,24.25,0.05,24.2,12,24.3,2,21.65
1714,1684804,598,15667635,9.29,9.35,9.25,9.32,0.01,9.31,6,9.32,28,15.28
1717,1173274,745,37043548,31.7,31.75,31.5,31.55,0.25,31.5,13,31.55,17,11.39
1718,1077152,440,8269076,7.7,7.77,7.61,7.62,0.1,7.61,40,7.62,25,0.0
1720,756832,514,33797980,45.0,45.4,44.3,44.45,0.3,44.4,14,44.45,1,10.82
1721,1232793,809,18929257,15.8,15.8,15.1,15.3,0.3,15.25,6,15.35,8,0.0
1722,2545964,1668,160566394,64.0,64.0,62.6,63.2,0.3,63.2,39,63.3,1,20.19
1723,2732201,2238,312601634,118.0,118.0,112.0,113.0,5.5,113.0,5,113.5,23,17.77
1725,287042,164,6156823,21.15,22.0,20.85,21.8,0.5,21.75,2,21.8,5,12.46
1726,15348,17,1111858,72.4,72.8,72.3,72.3,0.3,72.6,1,72.9,3,14.37
1727,867363,586,26408962,31.0,31.2,29.95,30.0,1.05,30.0,14,30.1,6,15.96
1730,12176,33,696466,57.2,57.4,57.1,57.1,0.4,57.3,1,57.4,4,13.34
1731,141558,60,2516463,17.85,17.85,17.65,17.75,0.05,17.75,1,17.85,21,14.09
1732,560685,418,16436154,29.65,30.0,28.9,29.1,0.55,29.05,6,29.1,4,85.59
1733,400321,373,10633050,26.95,27.2,26.3,26.35,0.65,26.3,18,26.35,7,12.31
1734,1152103,626,32349994,28.25,28.35,27.95,28.0,0.25,28.0,7,28.05,7,311.11
1735,9000,24,126575,14.15,14.15,13.9,13.9,0.3,13.9,4,14.1,30,0.0
1736,72268,93,3889532,54.8,54.8,53.5,53.5,0.6,53.5,36,53.6,2,314.71
1737,196667,160,6618066,33.45,33.85,33.3,33.75,0.0,33.75,30,33.8,6,18.96
1752,39030,38,1376210,35.25,35.4,35.15,35.25,0.15,35.15,2,35.3,5,16.71
1760,4979908,3130,550843789,114.0,114.5,108.0,109.5,3.0,109.0,46,109.5,46,55.58
1762,707160,538,39996256,57.3,57.7,55.7,55.9,1.7,55.8,18,55.9,1,10.07
1773,252203,354,36312159,142.0,145.0,142.0,143.5,1.0,143.5,3,144.0,7,16.2
1776,15129,16,285026,18.8,19.0,18.75,19.0,0.2,18.9,2,19.0,5,9.55
1783,537757,398,22292167,42.0,42.6,40.8,41.2,0.8,41.2,3,41.35,20,36.79
1786,17007,24,677880,40.2,40.2,39.75,40.0,0.25,40.0,1,40.15,2,23.67
1789,1676022,900,41228711,24.95,25.2,24.35,24.45,0.45,24.45,11,24.5,63,84.31
1795,4348873,3157,583663150,134.5,136.0,132.5,133.5,0.5,133.5,89,134.0,13,25.0
1802,2032313,973,35100328,17.45,17.55,17.2,17.2,0.25,17.2,98,17.25,17,4.61
1805,30336,18,353088,11.7,11.75,11.5,11.5,0.35,11.0,10,11.5,21,0.0
1806,161147,113,1531516,9.52,9.54,9.46,9.51,0.01,9.51,2,9.52,2,3.59
1808,47221,60,3093335,66.1,66.1,65.2,65.2,0.0,65.2,5,65.7,3,20.38
1809,166121,91,1928753,11.65,11.7,11.55,11.6,0.1,11.6,1,11.65,6,42.96
1810,284043,130,3208135,11.45,11.45,11.2,11.25,0.25,11.2,56,11.3,10,3.11
1817,41091,28,1375151,33.3,33.6,33.1,33.5,0.05,33.4,3,33.5,2,10.77
1903,48101,47,2679544,57.1,57.1,55.5,55.5,0.7,55.5,3,55.8,2,0.0
1904,642888,561,17255420,26.95,26.95,26.7,26.9,0.05,26.85,1,26.9,6,8.62
1905,565948,440,9325127,16.5,16.7,16.4,16.4,0.35,16.4,37,16.45,12,52.9
1906,361785,146,6398633,17.95,17.95,17.5,17.5,0.55,17.45,10,17.5,35,11.82
1907,402978,310,9489907,23.4,23.75,23.4,23.55,0.05,23.45,23,23.55,26,10.06
1909,2162222,958,32655541,15.3,15.35,14.95,15.15,0.2,15.1,7,15.15,3,10.45
2002,28544329,11247,801934954,28.3,28.45,28.0,28.05,0.3,28.0,4185,28.05,355,6.71
2002A,9186,15,448033,48.5,48.85,48.5,48.85,0.0,48.7,2,48.85,9,0.0
2006,1382245,1085,71363281,51.9,52.4,51.0,51.9,0.3,51.8,1,51.9,26,6.64
2007,5117341,1884,63582961,12.5,12.7,12.2,12.4,0.1,12.35,61,12.4,12,0.0
2008,62109,36,1020398,16.45,16.5,16.3,16.45,0.2,16.45,1,16.55,3,56.72
2009,1663246,1136,44856955,27.5,27.85,26.5,26.6,1.05,26.55,10,26.6,7,29.56
2010,568663,368,8995781,16.0,16.05,15.7,15.7,0.35,15.7,28,15.75,8,8.87
2012,54057,56,1279340,23.7,23.75,23.55,23.6,0.1,23.6,5,23.65,1,8.11
2013,2732148,1921,165273089,59.5,62.0,59.2,59.5,0.4,59.5,16,59.6,4,22.54
2014,8435959,4163,223990913,26.65,26.85,26.25,26.7,0.2,26.65,121,26.7,67,7.44
2015,372024,317,24241131,65.5,65.7,64.9,65.1,0.5,65.0,32,65.1,1,9.19
2017,828603,472,10254685,12.35,12.65,12.25,12.3,0.15,12.25,38,12.3,1,7.55
2020,306063,191,7002645,23.1,23.1,22.7,22.8,0.35,22.75,5,22.8,2,8.0
2022,3429403,1534,31233944,9.45,9.45,8.94,8.96,0.52,8.96,14,8.97,3,15.72
2023,6977045,3275,112727356,16.45,16.65,15.9,16.0,0.6,15.95,114,16.0,18,5.78
2024,61427,70,1171553,19.3,19.5,18.8,18.9,0.55,18.9,2,19.05,3,12.86
2025,368002,74,2015732,5.49,5.59,5.43,5.43,0.08,5.44,1,5.48,1,2.54
2027,8120841,4344,280863289,34.9,35.1,34.2,34.5,0.6,34.45,3,34.5,16,4.87
2028,3209253,1742,75693416,24.2,24.4,23.0,23.3,1.3,23.3,3,23.35,8,4.59
2029,447300,243,10369669,23.2,23.45,23.1,23.2,0.25,23.15,4,23.2,1,6.01
2030,3229001,1553,71741238,22.5,22.65,22.05,22.15,0.6,22.15,16,22.2,23,4.11
2031,2713946,1594,96928810,36.2,36.55,35.1,35.2,1.35,35.2,2,35.25,14,7.41
2032,829957,600,15682703,19.2,19.35,18.6,18.7,0.6,18.7,17,18.8,5,14.27
2033,455691,333,6679945,15.2,15.2,14.4,14.4,0.6,14.4,10,14.45,1,90.0
2034,4477976,1835,130411648,29.55,29.55,28.7,29.05,0.65,29.05,49,29.1,16,8.7
2038,2319477,1385,49030799,21.5,21.65,20.8,21.15,0.5,21.1,1,21.15,41,8.33
2049,1557238,1505,327221432,210.5,211.5,208.5,209.5,1.0,209.5,93,210.5,11,16.35
2059,248780,303,111858650,460.5,460.5,445.0,445.0,12.0,445.0,7,446.0,1,16.64
2062,216668,141,5705318,26.3,26.5,26.25,26.25,0.15,26.2,29,26.35,1,6.98
2069,623258,384,13142202,21.1,21.35,20.85,20.95,0.5,20.9,10,20.95,5,4.87
2101,548182,313,21546412,39.6,39.6,39.15,39.2,0.4,39.15,2,39.2,13,0.0
2102,300738,144,5630672,19.0,19.0,18.55,18.7,0.1,18.7,5,18.8,4,0.0
2103,1092168,694,28305031,26.3,26.35,25.7,25.75,0.6,25.7,92,25.75,56,5.76
2104,1896598,746,38004406,20.25,20.3,19.9,20.0,0.35,20.0,11,20.05,26,6.1
2105,3391916,1634,120710903,35.8,35.9,35.4,35.75,0.05,35.7,3,35.75,124,23.99
2106,1803520,1345,68598369,38.85,38.85,37.75,38.0,0.6,37.95,20,38.0,34,82.61
2107,198062,125,4097933,20.5,20.8,20.5,20.7,0.0,20.7,10,20.75,13,9.76
2108,1255000,1042,50398076,40.4,40.8,39.7,40.3,0.25,40.3,5,40.35,26,3.79
2109,53157,44,759047,14.25,14.3,14.25,14.3,0.05,14.3,3,14.35,6,11.53
2114,21372,35,2209262,104.5,104.5,103.0,104.0,0.5,103.5,1,104.0,1,8.46
2115,36000,26,1108350,30.85,30.85,30.65,30.75,0.1,30.75,1,30.85,16,8.84
2201,6705227,3570,298040723,44.9,45.1,44.05,44.05,1.05,44.05,121,44.1,35,8.05
2204,2179092,1648,106510064,49.4,49.55,48.45,48.5,1.05,48.45,30,48.5,716,6.38
2206,3404623,1992,128389514,38.2,38.2,37.2,37.55,0.5,37.55,56,37.6,17,13.36
2207,171095,197,101695246,596.0,597.0,589.0,597.0,2.0,593.0,3,597.0,5,21.04
2208,3403576,1390,62321011,17.95,18.75,17.95,18.2,0.25,18.2,12,18.25,61,0.0
2211,191963,195,12078975,63.2,63.2,62.7,62.9,0.3,62.9,25,63.0,1,19.24
2227,25546,89,5456821,214.5,215.0,212.0,213.0,2.5,213.0,2,214.0,1,25.0
2228,16147,19,1016578,62.5,63.6,62.5,63.1,0.7,63.1,1,63.5,1,19.66
2231,287655,270,39741642,142.0,142.0,136.5,136.5,5.5,136.5,6,137.0,3,33.62
2233,225369,213,25469345,113.0,113.5,112.5,112.5,0.5,112.5,30,113.0,4,11.4
2236,17050,17,350592,20.6,20.85,20.45,20.55,0.25,20.45,1,20.65,2,13.7
2239,11044,18,642252,59.2,59.2,57.4,57.9,0.1,57.7,1,58.0,3,15.2
2241,1268237,71,39299795,31.3,31.3,30.5,31.0,0.5,30.65,2,31.0,1,0.0
2243,2087243,550,35267860,17.0,17.65,16.2,16.8,0.5,16.5,2,16.8,12,0.0
2247,39038,69,7778723,200.5,200.5,198.5,199.0,1.0,199.0,1,199.5,2,12.54
2250,9000,9,732600,82.9,82.9,80.6,81.3,0.5,81.3,1,81.8,2,15.97
2301,4626789,3215,299450760,65.1,65.3,64.1,64.8,0.3,64.7,3,64.8,45,12.71
2302,517999,279,8223433,15.9,16.2,15.7,15.7,0.35,15.7,30,15.75,1,22.75
2303,46591014,17607,1823621242,39.1,39.35,38.8,39.3,0.2,39.25,111,39.3,849,6.58
2305,1169360,540,35640111,30.5,30.85,29.95,30.85,1.3,30.8,6,30.85,1,308.5
2308,8447302,9072,2210318436,258.0,264.0,256.0,264.0,5.5,263.5,9,264.0,116,26.06
2312,3618963,1445,44354281,12.35,12.45,12.15,12.25,0.2,12.2,100,12.25,36,68.06
2313,18683355,10117,894306187,47.6,48.55,46.7,48.45,0.9,48.4,5,48.45,186,9.48
2314,15942197,10122,740959799,46.45,48.25,43.8,45.0,1.0,44.95,7,45.0,29,0.0
2316,263794,218,7368465,27.55,28.15,27.55,27.8,0.25,27.75,2,27.8,1,8.55
2317,31052217,12003,3343751905,107.5,108.5,107.0,108.5,0.5,108.0,1981,108.5,853,10.7
2321,34659,11,194106,5.6,5.61,5.6,5.61,0.05,5.6,5,5.85,1,80.14
2323,2584283,986,18851244,7.36,7.39,7.25,7.26,0.09,7.26,3,7.27,41,38.21
2324,10099766,3970,232145250,22.85,23.1,22.8,23.1,0.15,23.0,24,23.1,653,8.28
2327,2409982,2161,786111268,326.0,330.0,324.0,326.5,1.0,326.0,6,327.0,21,7.3
2328,1047486,728,35670166,34.15,34.5,33.65,33.9,0.45,33.9,3,33.95,1,17.3
2329,3584385,1248,56987606,15.85,16.2,15.7,15.7,0.2,15.65,127,15.7,21,6.89
2330,29838832,25570,14823224632,494.0,501.0,493.0,501.0,9.0,500.0,9,501.0,581,19.69
2331,1105964,541,23681779,21.6,21.7,21.3,21.3,0.3,21.3,36,21.35,16,25.36
2332,5581546,2738,94153204,17.1,17.3,16.55,16.6,0.65,16.6,8,16.65,12,0.0
2337,5245960,3450,167989316,31.9,32.25,31.85,32.05,0.0,32.05,85,32.1,45,3.97
2338,1574154,1728,113062430,72.4,73.0,70.5,71.3,1.0,71.3,60,71.4,2,25.28
2340,2793549,1930,108960795,39.2,39.7,38.6,38.75,0.45,38.7,45,38.75,35,23.63
2342,2957031,1967,113060208,37.9,39.6,37.1,37.2,1.1,37.2,15,37.3,39,17.38
2344,9062160,4251,201771268,22.2,22.5,22.1,22.3,0.15,22.3,39,22.35,258,5.36
2345,3085816,2613,789173864,257.5,261.5,252.0,253.0,2.0,252.5,9,253.0,22,28.98
2347,2492974,1713,135700248,54.7,54.9,54.1,54.5,0.5,54.5,6,54.6,41,5.26
2348,165195,200,13001261,79.9,79.9,78.0,78.1,1.7,78.0,9,78.1,1,7.08
2348A,9000,5,329600,36.7,36.7,36.6,36.6,0.2,36.6,3,36.8,3,0.0
2349,712838,354,5166063,7.28,7.31,7.2,7.2,0.11,7.2,34,7.22,5,0.0
2351,1628881,1273,188007005,116.5,117.5,113.5,114.5,0.0,114.0,65,114.5,6,22.72
2352,2763562,1431,77979090,28.3,28.45,28.1,28.25,0.25,28.2,90,28.25,12,8.26
2353,11465636,3903,253033105,22.25,22.35,21.9,22.05,0.3,22.05,27,22.1,247,6.37
2354,2161183,1717,104151843,48.35,48.5,48.0,48.1,0.2,48.1,13,48.15,13,15.67
2355,654495,416,18718548,28.3,28.8,28.3,28.5,0.0,28.45,1,28.5,13,28.79
2356,6042933,2735,145050453,23.7,24.2,23.6,24.1,0.35,24.05,72,24.1,37,12.55
2357,2184743,2169,610715155,278.0,281.0,277.0,281.0,3.5,280.5,6,281.0,133,4.62
2358,810274,343,13808833,17.3,17.4,16.8,16.8,0.5,16.8,16,16.85,9,11.59
2359,5613810,2789,153852676,27.9,28.25,26.85,27.0,0.95,27.0,28,27.05,1,18.62
2360,1060650,1082,180695107,173.0,173.5,168.0,173.5,0.0,172.5,1,173.5,2,26.21
2362,258455,96,8031122,31.3,31.35,30.95,31.0,0.35,31.0,12,31.1,1,8.76
2363,1268985,618,24699986,19.55,19.8,19.35,19.35,0.2,19.35,122,19.4,97,60.47
2364,10189690,7611,722978231,69.5,74.0,67.7,68.3,0.6,68.3,27,68.5,1,44.35
2365,177486,113,1751767,9.81,9.9,9.81,9.81,0.09,9.81,1,9.82,2,245.25
2367,1190921,582,20093421,16.9,17.1,16.75,16.8,0.15,16.8,13,16.85,11,0.0
2368,6523695,4558,523669428,80.2,81.4,79.4,79.9,0.5,79.9,131,80.0,43,13.75
2369,3274585,1252,54576265,16.65,16.9,16.6,16.6,0.05,16.6,231,16.7,4,6.86
2371,6349366,2032,211920464,33.65,33.8,33.2,33.2,0.4,33.2,469,33.25,13,17.2
2373,15416,32,1315137,85.5,85.5,84.8,84.9,0.1,84.7,2,85.4,2,13.96
2374,2345679,1625,56570822,24.0,24.55,23.85,23.95,0.35,23.95,9,24.0,13,8.81
2375,552237,426,28874069,52.5,53.1,51.6,51.7,0.8,51.7,5,51.8,26,5.94
2376,9279845,5798,855346049,92.0,92.8,91.6,92.3,0.1,92.2,135,92.3,88,4.3
2377,3001799,2221,345158757,115.0,116.0,114.0,115.5,0.5,115.5,18,116.0,106,5.57
2379,3510160,2582,1192084930,332.5,344.0,332.0,343.0,4.0,343.0,23,343.5,7,9.27
2380,1204693,618,15011269,12.65,12.65,12.3,12.5,0.15,12.45,5,12.5,10,0.0
2382,7873306,4427,615923290,78.9,78.9,77.8,78.5,0.2,78.5,50,78.6,168,9.09
2383,2136419,1864,346410465,162.0,164.0,160.0,161.5,1.5,161.5,4,162.0,26,9.46
2385,1337502,1024,103311830,76.6,77.8,76.6,77.5,0.9,77.4,6,77.5,13,8.72
2387,859312,541,31610933,37.7,37.7,36.45,36.45,0.95,36.4,10,36.45,3,6.44
2388,6912001,4450,521625688,76.9,77.7,72.2,73.0,2.4,72.9,9,73.0,9,14.57
2390,4149069,2041,60045276,14.0,15.0,14.0,14.1,0.2,14.1,4,14.15,5,0.0
2392,235644,228,7554075,32.05,32.3,32.0,32.0,0.35,32.0,26,32.05,12,17.02
2393,5627943,2576,207488669,37.3,37.3,36.5,36.55,0.0,36.55,97,36.6,16,8.33
2395,888296,801,309454164,352.0,352.0,345.5,348.5,0.5,348.0,1,348.5,5,28.24
2397,25012,19,1426490,57.0,57.6,56.9,57.6,0.2,57.5,1,57.7,2,10.42
2399,980026,541,14506853,14.85,15.0,14.6,14.65,0.15,14.65,30,14.7,15,7.88
2401,1849644,1281,51785712,28.0,28.5,27.8,27.8,0.5,27.8,72,27.85,7,12.25
2402,269550,107,3832036,14.3,14.35,14.15,14.2,0.0,14.2,3,14.25,7,17.53
2404,300258,739,44735599,149.0,150.5,148.0,148.5,1.0,148.0,11,148.5,1,10.92
2405,4354682,1818,58400296,13.5,13.7,13.2,13.35,0.15,13.35,10,13.4,29,23.02
2406,2595472,1652,53242006,20.7,21.0,20.3,20.4,0.45,20.4,21,20.45,20,0.0
2408,8859214,4891,453172979,50.4,51.5,50.2,51.2,0.8,51.2,40,51.3,58,5.85
2409,55503807,11095,768805399,13.7,14.1,13.65,13.85,0.05,13.8,631,13.85,812,2.43
2412,8325671,3371,1011964974,121.5,122.5,121.0,121.5,1.0,121.0,1033,121.5,552,26.19
2413,188000,116,3493800,19.1,19.1,18.3,18.3,0.8,18.3,3,18.5,1,36.6
2414,676678,170,18517829,29.6,30.4,29.6,30.0,0.7,30.0,1,30.05,2,9.04
2415,94254,83,2740461,29.1,29.4,28.9,29.05,0.15,29.0,1,29.05,5,10.49
2417,333655,292,7057630,21.4,21.55,20.6,20.75,0.4,20.7,4,20.75,1,0.0
2419,32107393,15191,894740140,28.45,28.7,27.0,27.5,2.1,27.5,114,27.55,66,30.22
2420,105890,103,4379564,41.45,41.6,41.15,41.6,0.15,41.55,2,41.6,6,10.22
2421,4096974,2470,169941611,42.35,42.35,40.65,41.75,0.1,41.75,7,41.8,34,21.41
2423,98463,84,2539997,25.7,25.95,25.5,25.8,0.15,25.75,1,25.8,3,11.83
2424,49758,40,1005889,19.2,20.5,19.2,20.2,1.55,19.2,2,20.5,8,0.0
2425,679410,266,17905394,26.55,26.65,26.1,26.4,0.05,26.4,15,26.5,13,17.96
2426,360851,252,6581889,18.5,18.55,18.1,18.1,0.25,18.1,2,18.15,3,7.94
2427,457035,228,5736638,12.55,12.7,12.45,12.55,0.0,12.5,8,12.55,11,12.55
2428,365885,299,50812703,138.5,140.0,137.5,139.0,1.0,138.5,6,139.0,3,11.37
2429,13000,6,166200,12.7,12.8,12.7,12.8,0.05,12.85,3,13.0,1,0.0
2430,122269,226,3883612,32.05,32.05,31.55,31.9,0.3,31.8,2,31.9,3,8.08
2431,148046,82,1493615,10.1,10.15,10.0,10.05,0.1,10.0,71,10.1,2,0.0
2433,13325,23,646711,48.65,48.85,48.4,48.55,0.1,48.6,1,48.65,1,12.71
2434,11097,12,332558,30.15,30.45,29.4,29.7,0.8,29.4,1,29.7,1,0.0
2436,1658554,1013,87256325,52.9,53.2,52.0,53.0,0.1,53.0,26,53.1,98,13.45
2438,23264,20,306604,13.4,13.4,13.1,13.3,0.0,13.1,1,13.3,1,0.0
2439,1991239,1636,160774732,79.6,82.0,79.5,80.5,0.3,80.5,1,80.7,3,11.62
2440,3133136,1786,46871910,14.6,15.4,14.25,14.25,0.15,14.2,17,14.25,2,24.57
2441,1136883,900,70561014,62.0,62.8,61.8,62.1,0.1,62.1,3,62.2,15,7.37
2442,249396,139,2879616,11.55,11.65,11.5,11.55,0.0,11.55,40,11.6,19,5.92
2443,18102,17,60044,3.4,3.4,3.28,3.36,0.04,3.3,38,3.4,1,0.0
2444,847464,432,10732026,13.15,13.2,12.1,12.65,0.5,12.6,11,12.65,4,18.33
2449,6419828,3042,251791919,38.8,39.55,38.75,39.45,0.4,39.35,3,39.45,40,8.25
2450,34912,51,1077666,30.85,31.0,30.8,30.85,0.0,30.8,7,30.9,3,12.75
2451,256987,181,16133676,63.0,63.0,62.6,62.7,0.0,62.6,27,62.7,17,9.77
2453,126000,64,3217450,25.8,25.85,25.35,25.5,0.2,25.45,5,25.55,9,10.54
2454,3594609,4366,2460950569,685.0,689.0,678.0,686.0,3.0,686.0,8,687.0,39,9.16
2455,1809191,1672,122900764,69.1,69.4,67.3,67.7,1.8,67.7,6,67.8,1,15.53
2457,3143292,2125,113501215,36.45,36.95,35.7,36.05,0.45,36.05,8,36.1,3,0.0
2458,3792813,3241,388029355,105.5,105.5,100.5,102.5,5.0,102.5,6,103.0,60,6.08
2459,16182,21,770735,47.7,47.8,47.3,47.75,0.15,47.7,2,47.75,6,9.65
2460,163526,152,2626909,16.4,16.4,16.0,16.05,0.45,16.0,7,16.05,1,13.84
2461,262222,150,4858041,18.5,18.65,18.45,18.5,0.15,18.45,36,18.5,3,8.77
2462,151270,91,3995705,26.7,26.7,26.25,26.5,0.0,26.35,6,26.5,12,18.53
2464,208960,193,7898020,38.0,38.0,37.6,37.6,0.4,37.6,11,37.8,1,13.24
2465,587458,402,19276459,33.0,33.3,32.5,32.75,0.25,32.75,16,32.85,8,13.88
2466,69075,51,2315175,33.75,33.75,33.3,33.35,0.4,33.3,5,33.35,1,60.64
2467,85732,72,3764770,44.65,44.65,43.7,43.9,0.4,43.9,1,44.0,2,10.02
2468,34022,22,436734,12.9,13.0,12.7,13.0,0.05,12.85,2,13.0,4,19.12
2471,99181,66,2664613,26.65,27.0,26.6,26.95,0.0,26.9,12,27.0,8,10.45
2472,258656,203,13720476,53.4,53.7,52.7,52.9,0.5,52.8,6,52.9,2,8.16
2474,1369798,1077,230730581,168.0,169.0,167.0,169.0,1.0,168.5,33,169.0,5,15.18
2476,7494566,4464,365597768,50.0,51.8,47.3,48.05,2.05,48.05,2,48.1,11,12.45
2477,134261,86,2805044,20.85,21.05,20.7,21.0,0.0,20.75,9,21.0,21,23.6
2478,51535,59,2183348,42.45,42.65,42.15,42.25,0.2,42.25,2,42.3,1,6.64
2480,254041,328,21840465,87.2,87.2,85.6,85.9,0.6,85.8,4,85.9,2,12.82
2481,5873369,4434,370321602,63.9,64.3,61.7,63.4,0.1,63.3,7,63.4,13,10.78
2482,10962089,4940,308319991,28.75,28.9,27.35,28.2,0.25,28.2,3,28.25,11,19.05
2483,388257,212,9529219,24.85,24.85,24.3,24.35,0.55,24.35,5,24.45,1,17.03
2484,1142491,693,41049228,36.55,36.55,35.6,35.7,0.45,35.65,32,35.7,3,11.55
2485,940692,646,15910905,17.35,17.35,16.7,16.7,0.65,16.7,14,16.8,29,0.0
2486,1316754,742,33390039,25.5,25.9,25.05,25.15,0.35,25.15,7,25.2,40,17.23
2488,59025,47,1666906,28.5,28.5,28.15,28.2,0.15,28.2,1,28.25,4,15.24
2489,657860,491,7878586,12.1,12.15,11.9,11.95,0.0,11.9,87,11.95,10,0.0
2491,552000,360,8178750,14.3,15.2,14.3,14.85,0.35,14.75,8,14.85,1,0.0
2492,1093815,1315,106025371,96.7,98.2,96.1,96.4,0.4,96.3,6,96.4,21,6.85
2493,144160,212,6150247,42.95,42.95,42.55,42.75,0.2,42.7,3,42.75,4,12.14
2495,144214,85,2091193,14.5,14.65,14.35,14.5,0.05,14.45,8,14.5,2,24.58
2496,15000,6,706200,47.0,47.3,47.0,47.05,0.25,47.05,1,47.3,1,15.38
2497,2545946,1936,177574069,72.0,72.2,68.3,68.5,2.8,68.5,12,68.6,1,33.41
2498,81086264,36195,5260481991,64.8,66.5,63.3,63.3,1.0,63.3,73,63.4,9,0.0
2501,214840,175,3497759,16.35,16.4,16.25,16.25,0.1,16.2,115,16.25,2,29.55
2504,7506194,3015,179341724,24.7,24.7,23.5,23.6,1.1,23.6,76,23.65,53,6.31
2505,170090,119,3287779,19.25,19.45,19.2,19.4,0.0,19.35,1,19.4,20,8.4
2506,87981,52,831413,9.4,9.56,9.4,9.45,0.0,9.45,1,9.5,6,0.0
2509,32922,72,490907,14.95,15.0,14.8,14.85,0.15,14.8,3,14.85,4,0.0
2511,435344,175,5012629,11.5,11.7,11.45,11.5,0.05,11.45,104,11.5,4,16.43
2514,132233,56,2221312,16.75,16.9,16.75,16.8,0.05,16.75,6,16.8,2,10.91
2515,3653273,1052,32304080,8.9,8.93,8.8,8.82,0.1,8.81,18,8.82,53,4.48
2516,248543,85,1205987,4.89,4.9,4.82,4.85,0.04,4.84,2,4.85,5,13.47
2520,1784753,1261,47788812,27.2,27.2,26.55,26.7,0.5,26.7,2,26.75,11,3.81
2524,107619,83,3877508,35.35,36.4,35.35,36.0,0.1,36.0,5,36.05,1,8.63
2527,91401,84,2280192,24.95,25.05,24.85,24.9,0.05,24.9,5,24.95,4,4.43
2528,50000,21,956200,19.5,19.5,19.0,19.1,0.45,19.15,1,19.2,1,13.74
2530,128233,53,1849215,14.5,14.5,14.35,14.35,0.1,14.35,43,14.4,25,0.0
2534,5360697,513,138865834,24.4,24.45,24.2,24.3,0.2,24.3,10,24.35,33,10.8
2535,258601,200,7700979,29.8,30.0,29.65,29.7,0.15,29.65,11,29.75,3,7.52
2536,114921,100,2432583,21.15,21.25,21.05,21.1,0.1,21.1,3,21.15,10,131.88
2537,4610043,1743,38624429,8.43,8.47,8.32,8.35,0.06,8.35,26,8.36,10,4.66
2538,912262,243,11938517,13.1,13.2,13.05,13.05,0.1,13.0,109,13.05,20,0.0
2539,329660,118,10895913,32.85,33.1,32.85,33.1,0.25,33.05,2,33.1,39,28.53
2540,3186,13,375080,117.5,117.5,117.5,117.5,1.0,118.0,1,118.5,2,20.69
2542,2277940,1882,104260051,45.95,45.95,45.6,45.8,0.2,45.7,2,45.8,48,10.6
2543,215004,88,1859154,8.74,8.74,8.6,8.61,0.01,8.6,1,8.61,1,5.38
2545,616047,419,25675548,42.3,42.3,41.35,41.6,0.7,41.5,11,41.6,10,4.2
2546,193218,207,9596799,50.1,50.1,49.3,49.85,0.35,49.85,2,49.9,1,6.88
2547,223031,140,2042553,9.15,9.23,9.12,9.13,0.03,9.13,10,9.14,4,152.17
2548,331668,326,29143844,88.4,88.4,87.7,88.0,0.6,87.8,9,88.0,4,7.13
2597,65242,84,5576916,86.2,86.2,85.2,85.4,0.8,85.4,3,85.9,1,8.93
2601,3504386,1439,32675680,9.41,9.49,9.19,9.2,0.27,9.2,99,9.21,7,29.68
2603,56352179,28207,5270488780,94.4,94.7,92.7,93.2,0.1,93.2,14,93.3,361,1.62
2605,3670479,1647,85085562,23.3,23.75,22.85,22.95,0.65,22.9,32,22.95,7,21.06
2606,2356819,1503,97025336,41.2,41.65,40.8,40.85,0.45,40.85,3,40.9,9,6.4
2607,5405154,2630,161439883,29.9,30.15,29.5,29.85,0.2,29.85,25,29.9,7,20.45
2608,1491324,1227,62259324,41.45,42.2,41.2,41.95,0.45,41.9,1,41.95,18,14.22
2609,28378148,15946,2482001770,88.1,88.5,86.6,87.0,0.5,87.0,587,87.1,142,1.51
2610,73667950,23948,1556915431,21.3,21.55,20.8,21.05,0.5,21.05,214,21.1,1522,9.36
2611,2033014,1012,42897793,21.0,21.35,20.8,21.15,0.15,21.15,62,21.2,4,14.69
2612,452490,381,17749882,39.3,39.9,38.8,38.9,0.95,38.9,9,38.95,9,7.64
2613,749619,531,19284522,26.45,26.6,25.15,25.45,1.05,25.45,2,25.5,12,14.06
2614,3393307,2655,82621550,24.75,25.0,24.05,24.1,0.65,24.1,9,24.15,20,16.28
2615,10473621,5301,1099016681,105.5,107.0,103.5,104.5,0.5,104.0,165,104.5,108,1.97
2616,60839,157,2065462,34.05,34.05,33.85,33.9,0.15,33.9,9,34.0,2,12.28
2617,1112395,661,30933440,28.05,28.3,27.55,27.7,0.35,27.6,10,27.7,16,8.2
2618,72403463,26085,2239000518,31.0,31.55,30.5,30.75,0.8,30.75,327,30.8,149,11.87
2630,43150,38,727659,16.7,17.05,16.7,16.9,0.15,16.95,2,17.0,8,130.0
2633,2193778,1356,63104392,28.95,29.15,28.65,28.7,0.25,28.7,21,28.75,20,57.4
2634,42434265,20786,1576284148,38.7,38.8,36.0,37.1,1.1,37.1,161,37.15,7,34.04
2636,896749,1152,76820525,86.4,87.2,84.5,84.8,1.6,84.8,10,85.1,12,2.7
2637,4023062,3192,270702505,67.5,68.2,66.7,67.2,0.8,67.1,18,67.2,40,5.0
2642,245190,270,12233655,50.1,50.5,49.6,49.65,0.45,49.6,4,49.65,2,21.97
2701,90010,46,1066123,11.9,11.9,11.8,11.85,0.1,11.85,5,11.9,6,51.52
2702,404540,283,10972525,27.6,27.6,26.95,27.05,0.55,27.0,9,27.05,2,1.6
2704,264735,156,8735668,32.85,33.3,32.75,32.8,0.05,32.8,1,32.85,4,0.0
2705,580153,400,9127020,16.1,16.1,15.4,15.7,0.4,15.7,6,15.75,4,0.0
2706,129124,93,1795182,13.95,13.95,13.85,13.9,0.05,13.85,37,13.9,4,60.43
2707,565666,798,94055054,167.5,169.0,165.5,166.0,3.0,166.0,12,166.5,2,9.79
2712,9000,9,311850,34.3,35.0,34.3,34.9,0.3,34.4,1,34.65,2,0.0
2722,102178,88,3233129,32.5,32.5,31.2,31.3,0.9,31.3,4,31.35,2,136.09
2723,1410215,1358,139350595,101.5,102.0,97.5,97.8,4.2,97.8,5,97.9,1,16.3
2727,314082,478,37795884,122.5,122.5,118.5,119.0,4.0,119.0,11,119.5,4,0.0
2731,569252,466,51285019,91.0,91.2,89.7,90.3,1.0,90.1,1,90.3,1,0.0
2739,13341,16,295501,22.15,22.25,22.1,22.1,0.1,22.1,2,22.25,4,0.0
2748,572035,845,25066502,45.2,45.5,42.6,43.1,2.7,43.1,4,43.2,10,359.17
2753,201433,293,28285097,141.0,142.5,139.0,139.5,2.5,139.0,3,139.5,1,16.55
2801,5969953,1476,105007610,17.6,17.7,17.5,17.6,0.05,17.55,242,17.6,50,20.0
2809,791634,522,27367630,34.5,34.7,34.5,34.55,0.05,34.5,14,34.55,12,11.96
2812,3375687,1856,44358666,13.25,13.3,13.05,13.05,0.15,13.05,447,13.1,95,11.97
2816,84510,55,1433393,17.0,17.0,16.9,16.9,0.1,16.9,14,17.0,14,8.94
2820,305321,221,4809657,15.7,15.85,15.6,15.8,0.1,15.75,6,15.8,21,12.06
2832,165296,103,3230944,19.5,19.7,19.5,19.55,0.0,19.55,4,19.6,1,15.16
2834,23388387,5940,278827536,11.95,12.0,11.85,11.9,0.1,11.9,573,11.95,1442,15.06
2836,954157,437,12474774,13.1,13.25,13.0,13.05,0.1,13.05,43,13.1,28,16.31
2836A,47150,14,1071085,22.75,22.9,22.7,22.9,0.0,22.7,5,22.9,2,0.0
2838,1321159,636,17148677,13.15,13.2,12.85,12.95,0.2,12.9,33,12.95,7,11.07
2838A,66029,27,3398990,51.5,51.5,51.4,51.5,0.1,51.4,94,51.5,25,0.0
2845,3378521,787,37999651,11.25,11.3,11.2,11.25,0.0,11.2,1484,11.25,66,14.06
2849,30907,39,444114,14.4,14.5,14.3,14.35,0.05,14.35,8,14.4,6,11.48
2850,143134,147,7396430,52.0,52.2,51.3,52.0,0.0,51.9,2,52.0,33,7.0
2851,548225,292,11506053,21.0,21.15,20.85,21.1,0.05,21.1,8,21.15,38,6.49
2852,156140,94,2268674,14.55,14.6,14.45,14.55,0.0,14.55,1,14.6,21,7.31
2855,738258,436,11422654,15.55,15.7,15.4,15.45,0.1,15.4,89,15.45,11,9.04
2867,3977299,1468,24739565,6.25,6.3,6.16,6.19,0.11,6.18,48,6.19,197,0.0
2880,11058762,3253,253890459,23.1,23.1,22.85,23.0,0.1,22.95,108,23.0,127,17.97
2881,17805976,7937,999695872,56.0,56.7,55.7,56.6,0.0,56.5,183,56.6,11,5.4
2881A,14000,7,855800,61.1,61.2,61.1,61.1,0.1,61.1,81,61.2,17,0.0
2881B,58100,10,3503730,60.3,60.4,60.3,60.4,0.0,60.2,38,60.3,4,0.0
2881C,18816,36,1114056,59.2,59.3,59.2,59.3,0.1,59.2,38,59.3,7,0.0
2882,12168256,6155,544682924,44.7,44.95,44.5,44.95,0.1,44.9,3,44.95,428,5.68
2882A,28003,17,1696280,60.5,60.6,60.5,60.6,0.0,60.5,33,60.6,39,0.0
2882B,4024,4,243447,60.5,60.5,60.5,60.5,0.0,60.3,5,60.5,59,0.0
2883,36845553,12109,470760457,12.75,12.85,12.7,12.85,0.05,12.8,489,12.85,2488,6.8
2883B,1042606,242,8796089,8.45,8.45,8.42,8.42,0.04,8.41,122,8.42,30,0.0
2884,28127004,13027,760865706,27.2,27.3,26.9,27.2,0.15,27.2,19,27.25,107,18.5
2885,10235627,3751,205488912,20.05,20.15,19.95,20.15,0.0,20.1,51,20.15,111,7.72
2886,16080012,5949,571591776,35.75,35.75,35.4,35.6,0.1,35.55,95,35.6,223,18.94
2887,18126949,6418,283151279,15.7,15.75,15.55,15.65,0.1,15.6,462,15.65,430,10.65
2887E,24502,21,1266134,51.7,51.7,51.6,51.7,0.0,51.6,47,51.7,11,0.0
2887F,14005,11,698048,49.9,49.9,49.8,49.85,0.05,49.7,11,49.85,10,0.0
2887Z1,427919,70,7138866,16.65,16.75,16.65,16.7,0.05,16.7,181,16.75,24,0.0
2888,27557795,6498,233185715,8.46,8.52,8.43,8.52,0.01,8.5,50,8.52,784,7.41
2888A,15170,17,603666,39.8,39.8,39.75,39.8,0.0,39.75,7,39.85,29,0.0
2888B,82178,51,3269771,39.8,39.8,39.75,39.8,0.0,39.75,25,39.8,4,0.0
2889,1590798,970,21102344,13.35,13.4,13.2,13.3,0.05,13.25,85,13.3,21,13.57
2890,17117236,4450,285951978,16.75,16.8,16.6,16.8,0.05,16.75,511,16.8,1375,11.67
2891,33265322,9918,742457332,22.35,22.55,22.25,22.3,0.15,22.3,402,22.35,763,8.78
2891B,2004,3,123044,61.4,61.4,61.4,61.4,0.0,60.9,1,61.4,22,0.0
2891C,1616,7,97056,60.1,60.1,60.1,60.1,0.0,60.0,24,60.1,31,0.0
2892,22370389,6497,601444714,26.95,26.95,26.75,26.95,0.0,26.95,380,27.0,1681,17.73
2897,2204943,627,17883260,8.15,8.16,8.09,8.1,0.06,8.1,187,8.11,21,12.46
2897A,52260,14,522753,10.05,10.05,9.99,10.05,0.0,10.0,30,10.05,40,0.0
2901,24891,67,591083,23.8,23.9,23.6,23.6,0.15,23.55,2,23.7,1,295.0
2903,348222,260,6511472,18.85,18.85,18.65,18.65,0.2,18.65,22,18.75,40,25.2
2904,17083,16,362317,21.3,21.35,21.1,21.1,0.3,21.05,2,21.2,1,24.25
2905,214854,175,3827957,18.0,18.05,17.75,17.75,0.25,17.75,16,17.8,6,0.0
2906,1599053,777,30496023,19.1,19.3,18.8,19.15,0.05,19.15,17,19.2,12,34.2
2908,115284,99,2478970,21.35,21.7,21.3,21.6,0.25,21.55,1,21.6,7,14.03
2910,10000,10,303600,30.0,30.75,30.0,30.4,0.05,30.2,5,30.4,1,47.5
2911,86691,189,567564,6.65,6.65,6.51,6.57,0.06,6.57,1,6.58,2,0.0
2912,959023,1170,265513374,278.5,279.0,275.5,276.5,0.0,276.5,4,277.0,11,34.56
2913,239493,197,4531546,18.9,19.1,18.85,18.85,0.15,18.85,4,18.9,2,0.0
2915,5728730,6068,373258716,65.3,65.9,64.5,65.0,0.9,65.0,230,65.1,24,3.49
2923,24060,20,555110,22.6,23.2,22.6,22.75,0.2,22.7,1,23.1,1,21.46
2929,222024,138,2506325,11.3,11.4,11.2,11.25,0.05,11.25,8,11.3,7,0.0
2939,52000,34,1687100,32.95,33.15,32.2,32.3,0.65,32.25,1,32.75,1,0.0
2945,23307,29,1073567,46.3,46.4,45.9,46.3,0.1,46.05,2,46.3,1,17.88
3002,248035,172,2974470,12.15,12.15,11.8,12.0,0.0,11.95,4,12.0,1,0.0
3003,1623330,1344,130956728,82.4,82.4,79.5,80.3,2.0,80.2,2,80.3,6,14.95
3004,67188,59,4196048,62.9,62.9,62.1,62.4,0.1,62.2,3,62.6,6,0.0
3005,1857703,1418,84136338,46.0,46.3,44.7,44.85,1.65,44.85,11,44.95,23,6.28
3006,5344959,4247,418122203,79.3,80.0,77.2,77.4,2.1,77.4,8,77.5,23,4.28
3008,853461,2232,1752893015,2035.0,2080.0,2020.0,2065.0,35.0,2060.0,11,2065.0,3,13.22
3010,237557,234,20566260,86.9,87.4,86.1,86.7,0.9,86.7,2,86.9,2,6.79
3011,1492489,582,32048233,21.4,21.9,21.15,21.65,0.15,21.65,2,21.7,8,24.89
3013,2063013,821,30934253,13.85,15.2,13.85,15.2,1.35,15.2,27503,,0,0.0
3014,389737,415,25584502,66.1,66.4,65.3,65.5,0.2,65.4,11,65.5,1,6.33
3015,51362,47,1851026,36.05,36.15,35.9,35.9,0.2,35.9,1,35.95,1,8.89
3016,1226310,1075,95591981,78.4,79.8,76.8,77.4,1.6,77.4,30,77.5,29,42.53
3017,4106732,3202,469899668,114.0,115.5,113.0,115.0,0.0,115.0,12,115.5,114,13.08
3018,8227,45,89486,10.75,10.8,10.75,10.8,0.05,10.75,2,10.85,2,0.0
3019,1128669,1075,68729228,61.3,61.9,60.3,60.4,0.6,60.4,15,60.5,3,14.48
3021,48056,32,961970,20.05,20.05,19.9,20.05,0.05,20.05,1,20.1,1,12.45
3022,2083786,1447,113552527,54.8,55.5,53.4,54.1,0.4,54.0,38,54.1,7,11.2
3023,670090,6525,179154292,271.5,275.5,264.5,265.0,13.0,265.0,15,265.5,1,24.47
3024,956824,461,12428055,12.95,13.35,12.8,12.85,0.05,12.85,18,12.9,58,16.91
3025,894572,619,17489664,19.4,20.25,18.8,19.0,0.6,18.95,14,19.0,10,20.0
3026,173202,206,15591065,90.0,90.7,89.7,90.4,0.4,90.3,1,90.4,4,8.5
3027,117318,98,2183576,18.75,18.8,18.35,18.65,0.1,18.5,2,18.65,3,42.39
3028,390030,462,11681515,30.05,30.1,29.8,29.95,0.25,29.95,10,30.0,47,6.95
3029,305425,213,11952348,39.1,39.4,39.0,39.15,0.0,39.1,16,39.15,14,10.09
3030,1140063,792,66089969,58.3,58.4,57.4,57.9,0.4,57.9,2,58.1,10,9.25
3031,102270,72,1624220,16.0,16.05,15.8,15.85,0.05,15.8,22,15.85,5,12.99
3032,63011,43,1835030,29.8,29.8,28.9,29.15,0.15,29.1,6,29.15,2,11.08
3033,1591612,996,41643709,26.35,26.45,25.85,25.95,0.5,25.95,18,26.0,30,5.59
3034,4720169,5915,1172482180,249.0,251.0,246.0,249.5,1.0,249.5,62,250.0,166,3.54
3035,23006230,15091,3461316814,150.5,153.0,148.5,148.5,3.0,148.5,449,149.0,127,17.27
3036,1390010,1779,95251721,68.9,69.1,68.1,68.3,1.0,68.3,46,68.4,7,7.42
3036A,22000,10,1051150,47.7,47.8,47.7,47.8,0.0,47.75,24,47.8,23,0.0
3037,44478699,25620,6569038348,150.0,151.0,145.5,147.5,0.5,147.5,64,148.0,734,9.5
3038,5247097,2532,107326398,21.95,22.0,19.8,20.35,1.5,20.3,37,20.35,10,11.43
3040,33050,26,974125,29.45,29.75,29.3,29.45,0.0,29.35,1,29.5,5,17.43
3041,1067863,656,25321562,23.75,24.2,23.3,23.45,0.35,23.45,9,23.5,2,0.0
3042,750493,1369,64888746,86.3,87.4,85.9,86.1,0.6,86.1,3,86.2,8,8.45
3043,153151,69,670626,4.37,4.4,4.31,4.39,0.01,4.38,28,4.39,20,9.34
3044,698150,472,70462106,101.0,101.5,99.9,101.5,0.5,101.5,3,102.0,50,9.05
3045,5648560,2661,576282683,102.0,103.5,101.0,101.5,0.5,101.5,69,102.0,376,26.3
3046,99001,65,2834728,28.75,29.75,28.4,28.4,0.35,28.4,11,28.65,1,13.4
3047,3674400,1264,46737065,12.9,13.05,12.5,12.6,0.3,12.55,54,12.6,13,630.0
3048,1009417,611,29042442,29.3,29.35,28.5,28.7,0.6,28.65,7,28.7,13,6.58
3049,5737154,2130,55562417,9.6,9.86,9.52,9.65,0.03,9.62,4,9.65,8,13.59
3050,1401106,347,22141661,16.2,16.3,15.55,15.65,0.55,15.65,8,15.75,9,19.56
3051,1600522,824,25279507,16.3,16.45,15.3,15.4,0.8,15.4,13,15.5,16,8.11
3052,98697,62,1011376,10.25,10.3,10.2,10.3,0.0,10.25,1,10.3,26,18.39
3054,8001,9,156019,19.9,19.9,19.35,19.55,0.0,19.35,2,19.4,1,102.89
3055,20885,80,546439,26.2,26.25,25.95,26.25,0.05,25.8,2,26.25,7,0.0
3056,1058913,570,30224252,28.5,29.3,28.1,28.65,0.15,28.65,1,28.7,15,0.0
3057,70696,114,859246,12.3,12.3,12.05,12.2,0.0,12.05,9,12.15,10,55.45
3058,557406,226,6173057,11.4,11.4,10.9,10.9,0.4,10.9,16,10.95,1,0.0
3059,2659345,1618,93425054,35.1,35.7,34.65,34.75,0.5,34.75,8,34.8,30,29.96
3060,148676,251,2739751,18.5,18.8,18.3,18.3,0.5,18.3,13,18.35,2,11.58
3062,21323196,9498,640685398,30.4,31.1,28.85,29.0,1.35,29.0,116,29.05,8,0.0
3090,162096,196,7531228,46.15,46.95,46.15,46.35,0.45,46.25,3,46.35,4,9.38
3092,260982,222,10552862,40.7,41.55,40.2,40.2,0.6,40.15,4,40.25,4,2010.0
3094,311153,207,8154740,26.1,26.55,25.95,26.1,0.15,26.1,1,26.25,1,29.33
3130,10202,91,1923244,188.5,188.5,188.0,188.5,2.5,188.5,1,189.0,2,14.4
3138,253529,303,30685755,122.5,124.5,118.5,120.5,3.0,119.5,4,120.5,2,19.44
3149,396313,236,6560095,16.5,16.85,16.4,16.45,0.35,16.45,5,16.5,19,0.0
3164,108487,79,2706857,25.15,25.85,24.7,24.75,0.3,24.7,26,24.85,1,20.12
3167,171050,151,8494227,50.5,50.5,49.2,49.35,1.25,49.35,3,49.4,1,8.78
3189,23463820,16627,2945455872,129.5,130.0,122.5,124.0,6.0,124.0,58,124.5,153,8.77
3209,850901,592,29229105,35.0,35.0,34.1,34.3,0.3,34.3,1,34.35,5,7.62
3229,81497,69,1873142,23.1,23.1,22.9,23.0,0.05,22.95,4,23.0,1,0.0
3231,9194583,4785,244632711,26.3,26.85,26.1,26.85,0.45,26.8,12,26.85,253,8.04
3257,30411,35,1506461,49.8,49.8,49.0,49.75,0.05,49.6,5,49.9,1,11.99
3266,117000,19,1391800,11.9,11.9,11.8,11.8,0.1,11.8,9,11.9,15,12.29
3296,316109,220,4650220,14.95,15.0,14.4,14.7,0.15,14.7,7,14.8,7,0.0
3305,699590,464,36344436,52.6,52.8,51.4,51.7,0.7,51.7,13,51.9,3,7.77
3308,70582,50,956819,13.7,14.25,13.5,13.5,0.2,13.4,3,13.5,1,0.0
3311,32348,33,1058484,33.0,33.0,32.55,32.95,0.35,32.65,1,32.85,1,26.15
3312,427564,332,7714424,18.1,18.25,17.9,17.95,0.2,17.95,6,18.0,18,4.77
3321,937951,516,11012743,11.9,12.35,11.1,11.7,0.3,11.6,10,11.7,7,0.0
3338,236775,222,9789843,41.0,41.7,40.85,41.5,0.4,41.45,2,41.5,5,15.31
3346,202904,164,6204553,31.25,31.35,30.1,30.45,0.7,30.4,4,30.45,4,44.13
3356,364165,243,10472543,29.35,29.35,28.45,28.5,0.7,28.5,5,28.65,4,13.97
3376,424385,320,33953902,78.5,81.2,78.4,80.7,1.3,80.6,2,80.7,1,12.91
3380,16455315,8985,506732448,30.8,32.0,29.55,30.05,0.65,30.05,4,30.1,23,28.08
3383,36036,23,230746,6.66,6.66,6.31,6.31,0.13,6.25,1,6.35,1,0.0
3406,3217301,3277,1233794373,386.0,392.5,378.0,378.0,7.5,378.0,89,378.5,16,18.17
3413,160285,202,30385660,191.0,191.0,188.0,189.0,2.0,188.5,4,189.0,1,9.72
3416,33000,17,2495000,75.7,75.7,75.3,75.7,0.0,75.6,5,75.7,83,15.02
3419,566066,380,9237588,16.45,16.7,16.1,16.25,0.2,16.25,27,16.3,5,0.0
3432,3227828,705,51671887,15.6,16.05,15.55,16.05,1.45,16.05,1700,,0,9.79
3437,186938,177,3585484,19.15,19.45,19.0,19.05,0.35,19.05,3,19.1,1,26.46
3443,4726668,4268,2398655818,511.0,516.0,498.5,503.0,8.0,503.0,33,504.0,2,30.12
3450,111161,102,4596802,41.3,41.75,41.2,41.25,0.05,41.15,3,41.25,1,17.55
3454,76412,64,6064065,79.4,79.9,79.0,79.7,0.1,79.4,1,79.7,1,24.08
3481,59980443,10374,635157829,10.55,10.8,10.45,10.5,0.1,10.5,748,10.55,868,2.32
3494,6613349,2924,80833763,12.4,12.8,11.8,12.15,0.35,12.15,76,12.25,9,0.0
3501,50735,42,2168523,42.95,42.95,42.55,42.85,0.2,42.8,1,42.9,20,13.31
3504,26538633,18601,2591068496,94.0,102.0,93.8,96.5,3.5,96.5,41,96.6,2,94.61
3515,367739,313,35199340,95.8,97.0,94.2,95.5,0.3,95.4,2,95.5,2,4.7
3518,197000,97,3701150,18.85,19.1,18.65,18.9,0.1,18.9,1,18.95,4,27.39
3528,16031,18,780576,49.0,49.0,48.5,48.9,0.2,48.65,1,48.9,1,10.63
3530,343229,441,30503998,88.1,90.7,88.1,88.1,2.1,88.1,5,88.4,4,9.34
3532,2312698,2293,380988308,165.0,167.0,163.0,165.0,2.0,165.0,15,165.5,9,30.67
3533,532217,606,338591314,636.0,644.0,628.0,635.0,0.0,635.0,14,637.0,1,16.75
3535,4752821,2356,120971746,26.1,26.3,25.0,25.45,0.65,25.45,18,25.5,17,15.81
3536,39324,16,156882,3.96,4.0,3.93,3.93,0.03,3.93,5,3.99,2,0.0
3543,33238,33,624320,19.45,19.45,18.6,18.65,0.1,18.65,1,18.7,1,0.0
3545,5438947,4147,368120882,67.0,68.6,67.0,67.7,1.1,67.7,62,67.8,34,2.44
3550,37028,42,536313,14.55,14.55,14.45,14.45,0.05,14.45,2,14.5,9,41.29
3557,61814,59,4262912,69.0,69.4,68.0,69.4,0.7,68.7,2,69.4,3,9.43
3563,30036,35,4165540,138.5,139.0,138.0,138.5,1.0,138.5,1,139.0,2,7.8
3576,5658634,2038,117114008,20.65,20.85,20.6,20.65,0.15,20.65,4,20.7,107,0.0
3583,277066,295,19326597,70.5,71.0,68.9,69.5,0.9,69.5,3,69.6,1,10.73
3588,893683,466,56534376,65.5,66.8,64.6,64.8,1.0,64.7,4,64.8,15,8.78
3591,4683362,3017,82703934,16.8,18.35,16.8,17.3,0.3,17.3,9,17.35,19,21.1
3592,654415,859,169097125,259.0,265.0,255.0,256.0,6.0,256.0,6,256.5,4,4.53
3593,49084,61,671659,14.0,14.0,13.5,13.9,0.05,13.85,1,13.9,2,0.0
3596,4292729,2867,533953077,121.5,126.0,121.0,124.0,1.5,124.0,43,124.5,10,15.78
3605,284219,237,10691713,37.85,38.1,37.1,37.15,0.8,37.15,4,37.25,5,9.55
3607,284114,120,3561892,12.5,12.6,12.45,12.6,0.1,12.55,1,12.6,18,0.0
3617,268305,208,20808135,76.1,78.1,76.0,78.0,1.8,77.8,4,78.0,13,0.0
3622,390055,223,11751297,30.75,30.75,29.8,30.0,0.95,30.0,4,30.05,7,15.46
3645,1467626,906,56214164,38.7,39.15,37.9,38.15,0.65,38.15,4,38.2,1,15.02
3653,1958967,1825,715407933,360.0,374.5,354.0,367.0,4.5,366.5,2,367.0,1,31.15
3661,6168331,5812,4142577792,664.0,685.0,655.0,678.0,9.0,677.0,1,678.0,4,31.16
3665,1319520,1196,401583863,305.5,307.5,301.5,302.5,3.5,302.5,68,303.0,1,20.21
3669,102119,82,4237957,42.0,42.1,41.1,41.2,0.45,41.15,2,41.2,1,7.22
3673,456381,307,15466046,34.0,34.25,33.75,33.75,0.35,33.75,13,33.8,13,14.36
3679,15288,18,1110521,73.3,73.3,72.3,72.8,0.7,72.5,3,72.8,2,7.1
3682,3787146,844,25754542,6.8,6.85,6.75,6.79,0.02,6.79,3,6.8,15,0.0
3686,191431,156,2291723,12.1,12.15,11.9,11.9,0.15,11.85,9,11.9,9,0.0
3694,79240,69,1463314,18.85,18.9,18.1,18.15,0.55,18.15,5,18.3,3,9.03
3701,1142511,846,48941574,42.05,43.85,41.8,42.0,0.5,42.0,7,42.3,7,28.77
3702,4323228,2151,215715271,50.2,50.2,49.55,50.1,0.1,49.9,17,50.1,78,7.52
3702A,107097,50,5153356,47.95,48.15,47.95,48.15,0.2,48.1,7,48.15,22,0.0
3703,8744343,4050,266510276,29.15,31.5,29.15,29.95,1.05,29.95,39,30.0,15,7.7
3704,3731675,2173,116090916,31.25,31.55,30.55,30.7,0.35,30.7,6,30.75,6,10.34
3705,84361,81,3404817,40.45,40.45,40.25,40.3,0.45,40.3,14,40.4,5,13.48
3706,1092790,482,30457902,27.95,28.05,27.7,27.85,0.1,27.85,11,27.9,21,2.82
3708,1931855,1287,199722167,105.0,105.0,102.0,102.5,2.0,102.5,14,103.0,6,50.25
3711,9529216,6312,810975429,84.4,86.0,83.6,86.0,1.5,85.8,4,86.0,4,5.4
3712,675708,392,19393473,29.0,29.15,28.45,28.45,0.45,28.45,9,28.55,29,14.9
3714,2872464,2046,135451824,47.5,47.7,46.8,46.95,0.55,46.95,18,47.0,25,10.01
4104,189954,237,12133023,64.5,64.5,63.7,63.7,0.6,63.7,18,63.8,3,13.94
4106,373419,358,9010335,24.5,24.5,23.9,24.0,0.4,24.0,1,24.1,21,23.3
4108,254577,305,4630757,18.4,18.65,17.9,18.15,0.15,18.1,1,18.15,3,0.0
4119,128236,156,10278738,80.1,80.7,79.8,80.0,0.6,80.0,1,80.1,5,137.93
4133,1125039,1072,39632883,35.05,35.8,34.8,35.0,0.25,34.95,17,35.0,5,59.32
4137,64000,77,11520200,182.5,182.5,179.0,180.0,0.0,179.5,9,180.0,1,10.62
4142,3336958,2135,124554039,38.15,38.3,37.0,37.05,1.1,37.05,29,37.1,16,264.64
4148,750624,584,43827917,58.3,59.4,57.3,57.7,0.7,57.7,1,57.8,2,15.43
4155,184923,162,4194763,22.65,22.8,22.6,22.65,0.1,22.6,28,22.65,1,34.32
4164,355572,312,12665296,36.0,36.8,35.2,35.3,0.75,35.25,7,35.4,2,15.22
4190,32510,31,2231049,69.2,69.3,68.2,68.2,1.1,68.1,1,68.2,5,18.04
4306,351672,189,4894283,13.9,14.0,13.85,13.95,0.0,13.9,17,13.95,34,41.03
4414,9321717,1587,24719913,2.65,2.79,2.64,2.64,0.29,,0,2.64,845,0.0
4426,1871433,1249,54142902,29.35,29.75,28.25,28.6,0.6,28.6,32,28.65,24,0.0
4438,35300,37,3866648,112.5,112.5,109.0,109.5,2.0,109.0,3,109.5,1,15.1
4439,16000,16,1767500,111.0,111.0,110.0,111.0,0.0,110.5,2,111.0,1,10.11
4440,85945,66,2834424,33.0,33.1,32.65,32.75,0.4,32.7,1,32.75,1,7.28
4526,108808,153,1484496,13.75,13.75,13.6,13.6,0.15,13.6,22,13.65,1,13.74
4532,127331,88,2138337,16.85,16.95,16.75,16.75,0.1,16.75,14,16.8,6,15.23
4536,95760,90,13599185,143.5,145.0,141.0,141.5,2.0,141.0,12,141.5,1,14.44
4540,38000,32,1661700,44.0,44.0,43.5,43.7,0.3,43.65,1,43.7,3,12.63
4545,48029,34,1330003,27.5,27.75,27.5,27.65,0.25,27.65,6,27.7,1,17.72
4551,780193,577,127171859,164.5,167.5,159.0,160.5,4.0,160.5,6,161.0,3,15.58
4552,38160,30,1095009,28.7,28.95,28.55,28.95,0.15,28.9,1,28.95,3,8.83
4555,33032,27,1876384,57.1,58.1,56.2,56.5,0.6,56.5,1,56.8,2,15.78
4557,591006,500,50378337,83.0,87.0,82.2,86.0,3.8,85.9,10,86.0,1,15.9
4560,24000,24,959600,40.3,40.3,39.9,40.0,0.3,40.0,6,40.1,4,11.76
4562,82155,55,1268230,15.55,15.6,15.35,15.35,0.2,15.35,1,15.4,1,0.0
4564,162251,112,4358785,27.6,27.65,26.7,26.75,0.35,26.75,9,26.85,1,15.83
4566,2622104,1851,141257748,53.9,55.5,52.1,52.3,0.5,52.2,4,52.3,2,15.9
4571,17001,13,1304976,77.0,77.0,76.1,76.7,0.1,76.0,2,76.7,3,11.75
4572,421617,346,52278414,123.5,126.0,122.5,122.5,3.0,122.5,4,123.0,1,51.47
4576,18000,17,1575200,87.3,87.9,87.3,87.4,0.3,87.1,2,87.4,1,29.23
4581,1000,1,32950,32.95,32.95,32.95,32.95,0.95,31.25,1,33.15,4,14.52
4583,8105,13,1686787,210.0,210.0,207.0,207.0,1.0,207.0,1,208.0,3,15.86
4720,86000,40,1164400,13.65,13.7,13.5,13.55,0.1,13.5,5,13.55,6,41.06
4722,72150,47,2571154,35.8,35.9,35.5,35.9,0.2,35.85,2,35.9,1,9.11
4737,39011,40,2881432,73.2,74.4,73.2,74.0,0.0,74.0,1,74.2,1,50.34
4739,2939014,2319,354867987,120.5,123.5,118.0,119.5,0.5,119.0,61,119.5,29,22.98
4746,335916,249,15363895,45.85,46.2,45.3,45.35,0.5,45.3,1,45.35,12,0.0
4755,1044374,919,149138259,143.0,145.5,140.0,141.0,3.0,140.5,22,141.0,5,15.79
4763,231642,138,24587182,107.5,107.5,105.0,106.5,0.0,106.0,4,106.5,1,9.13
4764,1000,1,55200,55.2,55.2,55.2,55.2,0.3,54.1,2,54.5,7,41.19
4766,139744,152,19025823,138.0,138.0,134.5,135.5,2.0,135.0,3,135.5,4,12.36
4770,98165,97,24541385,249.0,252.0,247.0,250.0,1.0,250.0,1,250.5,3,17.31
4807,12000,12,261650,21.85,21.85,21.75,21.85,0.1,21.75,5,21.9,2,7.67
4904,5514671,1912,415982180,75.2,76.2,75.1,75.4,0.2,75.3,6,75.4,66,25.47
4906,2801843,1534,81926210,29.15,29.7,29.0,29.3,0.35,29.25,3,29.3,17,19.28
4912,201759,171,22316642,110.0,113.5,109.0,109.0,3.5,109.0,7,109.5,2,16.01
4915,6072935,3987,418188801,69.5,69.9,68.2,68.6,1.5,68.6,54,68.7,13,13.32
4916,170413,142,3987598,23.15,23.65,23.15,23.55,0.4,23.45,3,23.6,3,21.03
4919,6583492,4677,714210249,109.5,110.0,107.5,108.0,1.0,107.5,287,108.0,78,11.7
4927,959640,744,54466702,57.5,58.2,56.1,56.6,1.1,56.6,3,56.7,8,6.57
4930,96938,106,2265389,23.5,23.6,23.25,23.4,0.05,23.35,3,23.4,6,4.62
4934,1595267,1014,42047374,26.9,27.0,26.0,26.05,0.95,26.05,11,26.15,4,0.0
4935,34720,46,1911676,55.0,55.4,54.9,55.1,0.0,55.0,1,55.2,1,5.92
4938,4777200,3063,300766147,62.5,63.2,62.4,63.1,0.1,63.1,4,63.2,86,9.6
4942,150230,120,5771745,38.4,38.7,38.35,38.35,0.5,38.35,1,38.4,4,6.46
4943,294710,204,4794808,16.6,16.7,16.05,16.05,0.25,16.05,1,16.1,12,0.0
4952,807817,585,49091750,60.2,61.4,60.2,60.4,0.2,60.4,14,60.5,8,7.97
4956,137062,111,2284717,16.75,17.0,16.45,16.5,0.2,16.5,6,16.6,2,13.31
4958,4167773,2300,467623001,111.0,113.0,110.5,113.0,2.0,112.5,113,113.0,218,10.1
4960,1354835,479,12513838,9.2,9.34,9.19,9.2,0.05,9.2,18,9.21,24,9.79
4961,4401661,3004,587052202,135.5,138.0,130.5,130.5,5.5,130.5,188,131.0,8,4.36
4967,255444,157,6975992,27.55,27.6,27.2,27.25,0.3,27.25,3,27.3,8,0.0
4968,1202280,968,161726010,134.0,137.5,132.0,134.5,0.0,134.0,12,134.5,9,0.0
4976,2027945,1450,83550144,41.05,42.5,40.35,40.5,0.4,40.5,51,40.75,24,0.0
4977,88050,50,6889890,79.1,79.1,77.1,77.1,2.0,77.1,9,77.6,1,20.24
4989,305373,252,8006016,26.25,26.7,26.0,26.0,0.95,26.0,9,26.05,1,5.8
4994,65459,68,2608842,40.1,40.45,39.2,39.6,0.5,39.4,1,39.6,2,22.76
4999,44316,48,1567260,35.25,35.7,34.95,35.7,1.0,35.4,1,35.75,5,14.51
5007,44053,30,2401779,54.3,54.8,54.2,54.2,0.0,54.2,4,54.3,23,15.94
5203,20000,18,1785400,89.4,89.9,89.0,89.1,0.3,89.0,1,89.1,2,0.0
5215,78944,81,3404497,43.8,44.05,42.75,42.75,1.15,42.7,2,42.75,3,6.61
5222,1963321,1720,272475267,138.5,143.0,135.5,136.5,2.5,136.5,25,137.0,14,39.0
5225,40978,30,853891,20.8,21.2,20.55,20.65,0.15,20.55,2,20.65,1,2.45
5234,422639,308,28424556,67.6,68.1,66.7,67.2,0.4,67.2,4,67.3,3,10.12
5243,2184460,1468,147508331,67.7,68.4,66.6,67.5,0.4,67.5,4,67.6,9,23.77
5244,37053,27,1022418,27.65,28.0,27.35,27.45,0.05,27.35,2,27.5,3,6.13
5258,6704275,4213,415132405,63.3,63.9,60.1,60.5,2.7,60.5,63,60.6,22,15.12
5269,339616,524,328369343,980.0,984.0,958.0,963.0,8.0,962.0,1,963.0,1,20.03
5283,32308,66,3349489,104.5,104.5,103.0,103.5,1.5,103.0,16,103.5,1,9.86
5284,160725,94,7433450,46.15,47.0,45.65,46.9,0.8,46.65,2,46.9,1,16.34
5285,194197,187,15459220,79.8,80.7,79.0,79.0,1.2,79.0,27,79.3,3,17.14
5288,83015,81,12299222,150.0,150.0,147.0,147.5,2.5,147.5,4,148.0,1,15.49
5306,310789,549,47007030,153.5,153.5,150.0,150.5,4.0,150.5,28,151.0,3,9.47
5388,2845640,2455,246095681,85.6,87.4,85.6,86.3,0.5,86.3,15,86.4,1,20.8
5434,258519,362,39856381,155.0,155.5,153.0,154.0,2.0,154.0,4,154.5,3,10.04
5469,789421,539,24970588,31.75,32.3,31.5,31.6,0.3,31.6,8,31.65,3,4.61
5471,392929,407,22334783,57.3,57.6,56.5,56.6,0.7,56.5,16,56.6,6,6.75
5484,200196,151,2756247,13.7,14.25,13.05,13.15,0.65,13.15,1,13.2,1,0.0
5515,119449,79,1477311,12.45,12.45,12.3,12.35,0.15,12.3,20,12.35,95,10.12
5519,398155,247,8937453,22.55,22.55,22.35,22.4,0.2,22.35,37,22.4,13,8.09
5521,416285,459,2862539,6.9,6.92,6.84,6.84,0.06,6.84,5,6.85,3,0.0
5522,325650,221,20547458,62.7,63.5,62.7,63.3,0.6,63.2,4,63.3,9,7.29
5525,45000,32,1050750,23.2,23.55,23.15,23.55,0.1,23.5,1,23.6,2,20.84
5531,389516,166,3549643,9.17,9.19,9.06,9.12,0.05,9.12,6,9.13,5,0.0
5533,463767,272,8292863,17.55,18.15,17.55,17.85,0.3,17.8,6,17.85,6,3.26
5534,187091,152,13501826,72.0,72.4,71.9,72.2,0.5,72.1,4,72.2,3,9.05
5538,10564,11,459560,43.2,44.05,43.0,43.7,0.0,43.3,1,43.7,12,5.72
5546,5000,5,267900,54.0,54.0,53.0,53.8,0.0,53.7,2,53.8,6,16.6
5607,279982,241,13444024,48.75,48.75,47.7,47.8,0.75,47.75,15,47.8,4,17.45
5608,3155599,2062,95398852,30.0,31.0,29.95,30.05,0.65,30.0,73,30.05,5,4.01
5706,1523609,1120,91191285,61.2,61.6,59.1,59.5,1.9,59.4,5,59.5,4,165.28
5871,6042491,5881,1236935502,211.0,211.0,203.0,203.5,9.5,203.5,13,204.0,97,13.66
5871A,150767,72,14991639,99.6,99.6,99.3,99.4,0.2,99.3,58,99.5,14,0.0
5876,3746759,1658,187512789,49.95,50.3,49.3,50.1,0.2,49.9,57,50.1,99,15.8
5880,10062274,3700,274070199,27.2,27.35,27.1,27.35,0.1,27.3,5,27.35,300,18.36
5906,31014,30,979036,33.55,33.55,30.9,31.4,1.2,30.9,1,31.5,4,9.81
5907,96000,56,1419750,14.7,15.0,14.65,14.8,0.1,14.8,2,14.85,1,0.0
6005,1661251,834,18562703,11.25,11.3,11.1,11.15,0.1,11.15,33,11.2,125,5.72
6024,49907,95,1748906,35.2,35.2,34.95,35.1,0.1,35.05,2,35.1,15,15.19
6108,42013,41,721729,17.25,17.25,17.1,17.15,0.1,17.1,10,17.2,1,11.75
6112,44979,49,1531603,34.15,34.15,33.9,34.0,0.15,34.0,1,34.05,1,14.29
6115,71142,74,2908526,40.8,41.0,40.75,40.9,0.1,40.85,7,40.9,3,15.04
6116,39375716,10232,404321485,10.2,10.6,10.05,10.1,0.39,10.1,34,10.15,447,14.23
6117,22878,83,347557,15.15,15.5,15.0,15.15,0.1,15.15,1,15.2,3,0.0
6120,1025428,541,10290659,10.05,10.25,9.93,9.96,0.14,9.96,24,9.97,10,0.0
6128,66113,48,1953688,29.7,29.85,29.15,29.3,0.7,29.25,1,29.3,1,9.48
6133,3783405,2130,90759021,23.85,24.3,23.5,24.25,0.4,24.25,117,24.3,813,0.0
6136,45149,41,784541,17.4,17.45,17.35,17.35,0.05,17.35,4,17.4,5,13.77
6139,282201,184,8647110,30.55,30.9,30.45,30.45,0.4,30.45,4,30.5,3,12.9
6141,5301,10,121667,22.95,22.95,22.95,22.95,0.0,22.75,2,22.85,1,9.41
6142,238142,108,2070465,8.8,8.84,8.55,8.69,0.09,8.62,1,8.69,7,4.43
6152,719729,266,7666969,10.75,10.8,10.45,10.7,0.05,10.7,6,10.75,9,44.58
6153,550323,358,12166995,22.1,22.45,21.95,21.95,0.2,21.95,34,22.0,2,0.0
6155,85013,77,1802732,21.5,21.5,21.0,21.2,0.3,21.15,2,21.25,1,14.83
6164,1328524,684,15313521,11.15,11.95,11.15,11.3,0.15,11.3,11,11.35,2,282.5
6165,196899,151,5721886,29.05,29.65,28.45,28.55,0.6,28.5,15,28.6,3,12.1
6166,1026734,860,62298312,61.1,62.6,58.4,58.7,0.3,58.7,1,58.8,2,76.23
6168,342250,230,6515381,19.15,19.25,18.9,18.95,0.2,18.9,40,19.0,17,10.24
6176,1294256,1198,120360185,92.1,93.4,92.1,93.4,0.8,93.3,1,93.4,52,6.98
6177,211532,137,5745112,27.2,27.2,27.1,27.15,0.05,27.1,128,27.15,1,4.68
6183,51823,70,3095399,60.0,60.0,59.6,59.7,0.3,59.7,1,59.9,1,18.89
6184,24153,28,1169250,48.7,48.7,48.1,48.6,0.1,48.35,2,48.45,2,12.49
6189,239463,215,9141302,38.2,38.3,38.1,38.15,0.25,38.1,47,38.15,7,8.61
6191,726761,550,20987441,29.0,29.15,28.7,28.7,0.3,28.7,24,28.75,2,4.69
6192,71832,80,4875568,68.1,68.5,67.6,67.8,0.6,67.7,1,67.9,1,8.16
6196,233806,203,25270950,108.0,109.0,107.0,108.5,0.0,108.0,16,108.5,8,12.39
6197,323439,192,11498063,36.4,36.4,35.1,35.7,0.5,35.7,2,35.75,2,12.23
6201,104577,87,4397015,41.85,42.5,41.85,42.2,0.35,42.15,9,42.25,3,11.82
6202,1022648,906,80402165,79.0,79.6,78.1,78.5,0.5,78.5,3,78.6,1,8.65
6205,956759,688,66830439,68.9,71.8,68.4,68.6,1.4,68.6,1,68.9,2,22.27
6206,3207398,2990,288498070,90.5,92.0,88.1,88.8,0.3,88.8,2,88.9,2,11.79
6209,716287,466,20816905,29.35,29.65,28.65,28.65,0.0,28.65,78,28.7,1,0.0
6213,4235559,3274,281112950,68.3,68.5,64.9,64.9,4.7,64.9,9,65.0,33,8.61
6214,67826,115,4912117,72.7,72.7,72.0,72.7,0.0,72.5,2,72.7,1,17.6
6215,109104,88,2400735,22.05,22.15,21.85,22.1,0.05,22.05,2,22.1,1,8.6
6216,713830,393,21821182,30.5,31.0,30.05,30.5,0.0,30.5,7,30.55,24,14.39
6224,248021,244,15959829,65.1,65.4,63.5,63.9,1.5,63.8,5,64.0,2,12.19
6225,65105,29,627712,10.5,10.5,8.83,9.0,0.7,8.83,1,9.86,2,0.0
6226,1139387,612,15083603,13.25,13.55,13.05,13.1,0.2,13.1,21,13.15,10,262.0
6230,12150,13,1280750,105.5,107.0,104.0,104.5,1.5,104.0,3,105.0,1,57.73
6235,6807864,4144,258757498,38.45,39.05,37.5,37.55,1.0,37.55,53,37.6,49,28.45
6239,1798048,1627,152421737,84.7,85.1,83.8,84.9,0.2,84.8,12,84.9,10,6.78
6243,127422,127,3839547,30.2,30.5,29.5,29.9,0.35,29.9,8,30.05,5,17.8
6251,1709794,1071,33899043,20.05,20.1,19.6,19.85,0.1,19.8,6,19.85,7,8.9
6257,3884700,2806,191500428,50.0,50.0,49.0,49.1,0.9,49.1,24,49.15,6,6.64
6269,2424841,2923,225768208,92.5,93.8,92.2,93.3,0.4,93.1,1,93.3,4,9.82
6271,1317178,2848,251504261,192.0,193.5,189.0,190.0,3.5,190.0,31,190.5,7,10.63
6277,21139,38,1585916,75.0,75.0,74.8,75.0,0.4,74.8,18,75.0,1,14.88
6278,1442138,942,121699539,85.0,85.4,83.7,83.9,1.1,83.9,3,84.0,2,5.41
6281,98783,99,7982252,80.9,82.0,80.7,81.1,0.2,80.7,1,81.4,5,13.06
6282,5666025,3367,174375707,31.3,31.45,30.25,30.5,0.85,30.5,24,30.55,9,22.43
6283,106020,83,3174550,30.1,30.25,29.75,29.75,0.35,29.75,29,29.9,1,0.0
6285,1445136,1659,105974817,74.0,74.2,72.8,72.9,1.0,72.9,16,73.0,31,22.92
6288,347090,260,7813184,22.55,22.75,22.3,22.5,0.1,22.45,2,22.5,2,0.0
6289,11012,15,29147,2.69,2.69,2.59,2.6,0.1,2.6,4,2.69,3,0.0
6405,29000,23,585800,20.45,20.45,20.0,20.15,0.25,20.15,1,20.2,1,17.37
6409,167605,157,236844805,1445.0,1455.0,1400.0,1430.0,0.0,1420.0,2,1430.0,2,51.18
6412,88364,81,6377996,73.0,73.0,71.6,72.1,0.2,71.9,1,72.1,1,9.41
6414,978858,884,207678467,211.5,214.0,210.0,212.5,0.0,212.0,3,212.5,5,15.52
6415,1911568,1802,996392437,527.0,529.0,513.0,520.0,4.0,520.0,75,521.0,5,31.18
6416,76019,69,6613869,87.0,87.8,86.1,87.0,0.0,86.6,1,87.0,3,30.1
6426,84232,110,4724282,56.3,56.7,55.6,55.7,0.0,55.6,2,56.0,2,61.89
6431,9000,12,209800,23.3,23.4,23.2,23.35,0.45,23.2,2,23.35,6,0.0
6438,696054,558,60769989,88.0,89.8,85.8,86.0,2.5,85.9,18,86.0,1,8.93
6442,4176208,2987,240317349,59.3,60.0,55.6,56.8,2.5,56.7,7,56.8,17,22.9
6443,12660049,7243,409450169,33.35,33.45,31.65,32.0,1.1,31.9,40,32.0,116,200.0
6449,19010,27,755418,39.25,40.15,39.2,39.9,0.05,40.0,4,40.1,11,11.05
6451,78315,66,5391971,68.6,69.6,68.5,68.6,0.4,68.6,4,69.1,1,102.39
6456,714003,487,53651702,75.1,75.9,74.4,74.9,0.1,74.9,4,75.0,1,5.63
6464,5414,14,449878,83.5,83.5,82.8,82.8,0.6,82.8,1,83.4,1,10.11
6477,4328542,2980,224797112,53.6,53.9,50.7,50.9,2.4,50.9,26,51.0,38,41.72
6491,875830,1373,361113502,418.5,428.5,403.0,406.0,28.5,406.0,4,407.0,1,20.54
6504,40168,37,3263452,81.0,81.6,80.9,81.6,0.7,81.2,4,81.6,25,370.91
6505,1517344,1313,127523511,83.5,84.5,83.3,83.9,0.3,83.8,30,83.9,28,17.7
6515,236847,255,92352417,383.5,395.0,383.5,390.5,3.0,389.0,3,391.0,1,23.87
6525,257522,285,18624548,73.1,73.1,72.0,72.1,1.1,72.1,54,72.2,3,10.18
6531,4438225,3627,849169688,190.5,196.5,186.5,189.0,1.5,188.5,8,189.0,12,12.73
6533,951837,986,228599238,241.5,246.0,236.0,238.5,0.5,238.0,8,238.5,2,46.76
6541,8172255,6270,401994163,52.5,53.0,47.7,49.35,3.65,49.35,1,49.4,6,0.0
6550,5730856,4889,674525242,123.5,124.0,112.5,116.0,8.0,115.5,27,116.0,7,0.0
6552,45897,39,1805597,40.5,40.5,39.1,39.1,0.45,39.05,1,39.2,5,9.44
6558,57043,59,1211366,21.3,21.4,20.9,21.15,0.15,21.0,7,21.3,4,0.0
6573,45100,45,707900,16.0,16.0,15.55,15.65,0.05,15.6,1,15.7,18,0.0
6579,28000,22,2171800,77.1,77.9,77.1,77.4,0.3,77.3,1,77.9,5,21.15
6581,348133,275,31209640,89.5,91.0,88.3,89.2,1.2,89.1,10,89.2,4,11.22
6582,164354,204,12850011,76.9,79.3,76.1,78.4,1.5,78.2,2,78.4,4,3.24
6585,56096,53,3769628,67.2,67.5,67.0,67.0,0.6,67.0,13,67.4,4,14.73
6591,38014,36,1744704,46.35,46.35,45.55,45.95,0.15,45.8,2,46.0,5,5.53
6592,409804,370,41509188,102.0,102.5,100.5,101.5,1.0,101.5,1,102.0,33,16.21
6598,390960,277,10465312,27.3,27.5,26.5,26.65,0.55,26.6,16,26.65,3,0.0
6605,1246700,1439,90685029,74.2,75.1,71.5,71.9,2.6,71.8,17,71.9,9,9.04
6625,23100,23,662360,28.55,28.85,28.4,28.4,0.4,28.4,1,28.7,3,0.0
6641,18211,20,1059973,58.8,58.8,58.0,58.0,0.2,58.0,4,58.4,1,9.51
6655,31852,42,4163814,132.0,132.0,130.0,130.0,2.0,130.0,8,130.5,1,15.93
6666,28950,43,1608109,55.2,56.4,55.1,55.7,0.3,55.1,1,55.2,3,36.64
6668,581170,450,25089111,42.2,44.1,42.1,42.8,0.2,42.8,1,43.25,6,0.0
6669,2083070,2580,1511859714,742.0,772.0,695.0,699.0,40.0,699.0,10,700.0,95,11.59
6670,523546,405,97682042,183.0,189.5,183.0,189.5,5.5,189.0,4,189.5,9,9.58
6671,10005,11,404863,40.35,41.1,40.3,41.1,0.2,40.7,1,40.9,1,12.84
6672,134401,156,8435103,62.8,63.4,62.3,62.5,0.4,62.5,6,62.6,3,5.91
6674,26028,26,683782,26.6,26.6,26.0,26.35,0.35,26.05,1,26.4,4,47.91
6691,58761,83,9322077,160.0,160.5,156.0,158.5,1.0,157.5,1,159.0,11,9.46
6698,79270,77,2363178,30.35,30.35,29.45,29.5,0.85,29.5,3,29.6,1,155.26
6706,489754,614,54440402,112.5,113.0,110.0,110.5,2.0,110.0,36,110.5,3,6.72
6715,1193123,602,180307358,154.0,155.5,145.5,148.0,8.0,148.0,3,148.5,10,43.4
6719,3994247,4117,1152708625,300.0,300.5,279.0,286.0,13.5,286.0,4,286.5,7,14.7
6743,68968,60,2442070,34.95,35.8,34.9,35.5,0.0,35.45,4,35.5,1,0.0
6754,50000,38,2138250,42.95,42.95,42.6,42.8,0.2,42.7,2,42.8,2,11.2
6756,723812,1004,165939483,233.0,236.5,225.0,226.5,8.0,226.5,5,227.0,2,15.04
6768,130207,109,9060924,69.7,69.8,69.3,69.4,1.0,69.4,1,69.5,1,19.28
6770,27980681,10642,951634109,33.5,34.4,33.5,34.0,0.2,34.0,657,34.05,32,5.04
6776,38056,44,1481621,38.8,39.45,38.65,39.3,0.5,39.1,1,39.25,2,8.26
6781,744889,865,717143658,953.0,975.0,943.0,964.0,6.0,963.0,1,964.0,5,32.09
6789,714999,1010,225006178,314.0,322.0,310.0,312.0,3.5,312.0,2,313.0,3,42.28
6790,53179,46,2054115,38.6,38.75,38.55,38.6,0.0,38.6,11,38.7,2,11.22
6792,153079,155,13044042,86.9,87.0,84.0,84.0,3.5,83.7,2,84.3,2,12.84
6796,1332866,1252,180250582,139.0,142.5,131.5,134.0,7.5,134.0,5,134.5,5,60.36
6799,134001,113,16453628,123.5,126.0,121.0,121.5,1.0,121.5,1,123.0,1,16.18
6806,589182,634,45918631,78.7,79.1,77.4,77.8,0.9,77.8,9,77.9,2,48.32
6807,42000,34,1156700,27.3,28.45,27.2,28.15,0.45,27.4,2,27.8,2,5.98
8011,215027,282,3092011,14.7,14.7,14.15,14.3,0.2,14.25,5,14.3,1,0.0
8016,2460250,2154,388463443,161.0,162.0,155.5,159.0,2.0,158.5,39,159.0,10,2.87
8021,254204,222,7184745,28.5,28.8,28.0,28.0,0.6,28.0,7,28.1,2,8.72
8028,17638525,12514,1127189567,65.4,67.4,60.5,63.4,1.8,63.4,57,63.5,39,31.7
8033,407541,240,6766490,16.65,16.75,16.45,16.45,0.1,16.45,1,16.5,2,149.55
8039,293491,201,12059640,41.0,41.3,40.6,41.2,0.1,40.9,3,41.2,9,10.79
8046,6716004,6869,1580665979,235.5,238.0,232.5,234.0,4.0,234.0,10,234.5,202,11.74
8070,536881,339,17253139,32.7,32.7,31.95,32.15,0.25,32.05,2,32.15,20,10.65
8072,44966,231,997560,22.15,22.25,22.05,22.2,0.1,22.2,1,22.25,3,37.63
8081,246079,283,34117848,139.5,141.5,137.5,138.5,1.0,138.0,28,138.5,2,4.81
8101,318008,63,687426,2.16,2.17,2.15,2.17,0.01,2.17,7,2.2,6,6.2
8103,546546,288,19325555,35.05,35.6,34.8,35.5,0.45,35.45,7,35.5,24,7.92
8104,290015,230,11467457,40.0,40.15,39.2,39.2,0.45,39.2,5,39.25,1,30.39
8105,3202611,1062,36570829,11.4,11.6,11.3,11.45,0.15,11.4,6,11.45,88,11.57
8110,547903,306,6675983,12.2,12.35,12.15,12.15,0.1,12.15,16,12.2,13,25.31
8112,1823377,1332,67449738,37.05,37.35,36.6,36.95,0.35,36.9,3,36.95,93,5.36
8112A,19512,19,813460,41.65,41.7,41.65,41.7,0.05,41.65,1,41.7,6,0.0
8114,14910394,10470,2316732174,154.0,160.0,151.5,160.0,7.0,159.5,11,160.0,49,18.41
8131,94486,122,3496338,36.9,37.15,36.9,37.0,0.1,37.0,2,37.05,2,8.24
8150,1995836,1341,67658852,33.8,34.3,33.7,34.0,0.15,33.95,3,34.0,23,4.64
8163,429727,290,16786678,39.25,39.4,38.9,39.05,0.2,39.05,7,39.1,6,9.17
8201,486003,262,6163086,12.95,12.95,12.55,12.6,0.0,12.6,8,12.7,2,7.59
8210,101874,94,6992682,69.2,69.2,68.3,68.7,0.7,68.7,1,68.8,1,12.33
8213,986825,606,35867359,36.55,36.65,36.15,36.3,0.55,36.25,19,36.3,2,4.14
8215,1087770,704,32773541,30.2,30.4,29.9,30.1,0.25,30.1,9,30.15,4,8.8
8222,4216408,2717,99378696,24.0,24.45,22.8,23.5,0.15,23.45,10,23.55,1,0.0
8249,31168,44,644317,20.7,20.75,20.6,20.6,0.1,20.6,3,20.65,1,17.91
8261,6020578,4182,612261368,103.5,104.5,99.5,100.0,2.0,100.0,44,100.5,73,11.93
8271,259186,207,10314713,40.2,40.2,39.6,39.6,0.6,39.55,18,39.65,2,8.1
8341,167269,834,30205427,181.0,182.0,179.5,180.0,2.0,180.0,30,180.5,3,19.5
8367,41467,80,1413553,33.9,34.4,33.9,34.0,0.05,34.0,4,34.25,1,5.3
8374,119299,84,3717328,31.35,31.65,30.75,31.55,0.0,31.25,4,31.55,1,25.65
8404,327247,148,9186782,28.5,28.5,27.95,28.0,0.5,28.0,4,28.35,1,8.78
8411,145360,87,2339173,16.1,16.25,15.9,16.15,0.05,16.15,1,16.2,6,7.27
8422,228077,492,38877100,171.5,171.5,169.5,170.5,1.0,170.0,51,170.5,9,17.8
8429,151290,207,1415662,9.38,9.39,9.33,9.35,0.05,9.34,1,9.35,2,0.0
8438,22031,21,672811,30.85,31.15,30.15,31.15,0.3,30.4,1,31.2,3,11.2
8442,85000,62,5396400,64.0,64.8,63.0,63.5,0.1,63.3,1,63.7,2,20.62
8443,199616,174,2369905,11.9,12.1,11.7,11.8,0.15,11.75,3,11.8,11,0.0
8454,639267,1976,486123974,794.0,794.0,746.0,746.0,42.0,746.0,3,748.0,8,41.51
8462,34878,93,4224927,122.0,122.5,120.5,120.5,1.0,120.0,3,120.5,3,0.0
8463,48010,39,957301,19.95,20.2,19.8,19.95,0.15,19.95,10,20.0,1,0.0
8464,732787,688,200050218,274.0,279.5,270.0,272.0,11.5,272.0,12,272.5,10,13.33
8466,9000,8,389550,43.3,43.5,43.15,43.5,0.35,43.3,1,43.5,8,35.66
8467,409352,398,25087652,63.0,64.4,59.7,61.8,1.4,61.3,1,61.8,1,25.12
8473,11068,13,330735,29.85,30.0,29.85,30.0,0.1,29.95,1,30.0,1,31.91
8478,2035925,1732,382671350,189.5,193.5,185.0,186.5,2.0,186.5,17,187.0,2,13.31
8480,22001,19,1454367,66.1,66.4,66.0,66.0,1.3,65.7,1,66.0,5,11.09
8481,16000,12,954200,60.0,60.0,58.2,59.7,0.3,59.6,2,59.7,1,9.68
8482,2014,5,145624,72.0,72.6,72.0,72.6,0.3,72.2,2,72.5,1,8.42
8488,16000,15,253900,15.85,15.9,15.85,15.9,0.0,15.85,11,16.0,1,18.93
8499,26000,25,2926000,114.5,114.5,112.0,112.0,1.0,112.0,6,112.5,16,7.56
8926,259982,219,9749236,37.55,37.65,37.35,37.5,0.0,37.45,7,37.5,8,25.0
8940,72663,81,1055302,14.55,14.8,14.35,14.35,0.3,14.35,5,14.4,2,0.0
8996,6884248,4464,551653394,82.5,83.3,77.8,79.4,4.0,79.4,15,79.5,33,40.1
9103,366413,218,2721770,7.37,7.53,7.34,7.35,0.05,7.35,10,7.37,3,0.0
910322,22000,17,520900,23.9,24.3,23.4,23.85,0.5,23.7,1,24.2,2,0.0
9105,1702337,564,6049925,3.54,3.59,3.54,3.54,0.02,3.54,163,3.55,5,0.0
910861,44000,15,283260,6.43,6.47,6.4,6.42,0.06,6.41,2,6.47,2,0.0
9110,85000,22,259980,3.12,3.12,3.05,3.08,0.02,3.04,14,3.08,1,0.0
911608,53004,13,151991,2.92,2.92,2.86,2.9,0.02,2.86,27,2.88,1,0.0
911622,9050,5,45807,5.08,5.08,5.03,5.03,0.17,5.04,3,5.18,9,0.0
911868,411000,38,449150,1.1,1.1,1.08,1.1,0.0,1.08,44,1.1,66,0.0
912000,135000,53,302080,2.27,2.31,2.2,2.25,0.0,2.23,10,2.25,3,0.0
9136,1145201,158,7512875,6.41,6.89,6.33,6.89,0.48,6.59,2,6.89,21,0.0
9802,4570455,3426,706619660,159.0,160.0,151.0,153.0,9.0,152.5,15,153.0,26,20.24
9902,23839,46,248316,10.45,10.45,10.4,10.45,0.05,10.45,1,10.5,1,9.33
9904,6371760,3014,169238604,26.8,26.85,26.35,26.5,0.35,26.5,187,26.55,109,6.11
9905,30410,29,766320,25.05,25.35,25.05,25.15,0.15,25.15,1,25.2,5,13.1
9906,116000,76,5412000,46.3,47.9,46.2,47.9,0.3,47.65,2,48.0,3,9.12
9907,4515406,1719,72685178,16.3,16.3,16.0,16.0,0.3,15.95,95,16.0,57,11.03
9908,57244,64,1893437,32.95,33.2,32.95,33.1,0.05,33.05,3,33.1,2,19.94
9910,735258,660,117528810,161.5,162.5,159.0,160.0,1.5,160.0,44,160.5,15,28.37
9911,129141,200,8109569,63.2,63.3,62.5,62.8,0.4,62.8,5,62.9,2,13.45
9912,1551299,852,18968494,12.85,12.85,11.8,12.0,0.7,12.0,16,12.05,10,32.43
9914,687168,616,154391736,225.0,228.5,222.5,224.5,4.5,224.0,21,224.5,7,14.27
9917,144679,194,14784141,102.0,102.5,101.5,102.5,0.5,101.5,76,102.5,10,17.11
9918,6194,15,272898,43.4,44.65,43.4,44.0,0.75,43.5,2,44.0,2,25.58
9919,582415,380,9377734,16.4,16.4,15.95,16.0,0.35,16.0,17,16.05,9,69.57
9921,753754,739,182326001,245.0,245.5,237.0,243.5,1.5,243.5,1,244.0,17,15.1
9924,60185,58,2418007,40.15,40.3,40.05,40.3,0.15,40.2,1,40.3,1,12.25
9925,59217,77,2320820,39.05,39.4,39.05,39.25,0.05,39.2,2,39.25,7,15.39
9926,24000,16,1251500,52.3,52.4,52.0,52.1,0.3,52.2,2,52.3,1,20.92
9927,269022,175,10751196,39.9,40.3,39.75,39.95,0.15,39.95,7,40.0,6,8.12
9928,4026,6,58727,14.5,14.65,14.5,14.6,0.05,14.4,1,14.65,5,0.0
9929,72000,35,653100,9.08,9.2,8.87,9.04,0.03,9.02,1,9.04,4,0.0
9930,42031,32,1955457,46.3,46.9,46.2,46.45,0.15,46.4,5,46.5,2,16.53
9931,6000,6,237300,39.65,39.65,39.5,39.55,0.3,39.6,1,39.7,1,20.71
9933,1190623,893,52060091,43.2,44.15,43.2,43.65,0.0,43.6,18,43.65,7,13.35
9934,158015,70,1893135,12.1,12.1,11.9,12.0,0.1,11.95,9,12.0,4,0.0
9935,63088,56,1127312,18.0,18.0,17.8,17.9,0.4,17.9,1,17.95,1,0.0
9937,33477,28,1636711,48.8,49.0,48.75,48.85,0.0,48.7,2,48.85,4,19.78
9938,1745214,933,97818598,55.9,57.1,55.3,55.8,0.0,55.8,11,55.9,2,8.56
9939,576196,545,41828697,72.9,73.3,72.3,72.6,0.6,72.5,10,72.6,6,10.24
9940,227157,206,6807466,29.9,30.2,29.9,29.95,0.0,29.9,51,29.95,3,9.33
9941,793340,1505,139936185,178.0,178.0,175.5,175.5,3.0,175.5,15,176.0,6,14.86
9941A,5002,5,252302,50.5,50.5,50.4,50.5,0.1,50.4,4,50.5,8,0.0
9942,27661,44,2392226,86.8,86.8,86.2,86.6,0.2,86.5,3,86.8,4,13.0
9943,56292,62,3054087,54.4,54.6,54.0,54.2,0.4,54.1,1,54.2,9,285.26
9944,56337,54,1147955,20.45,20.5,20.0,20.45,0.05,20.35,2,20.5,10,4.09
9945,11045704,9216,626640847,57.5,57.8,56.0,56.4,1.5,56.3,126,56.4,4,8.77
9946,33153,32,428271,12.9,13.0,12.85,12.85,0.05,12.85,4,12.9,2,18.36
9955,21530479,10168,489542291,22.15,23.6,22.05,23.15,1.55,23.1,4,23.15,29,0.0
9958,1306447,915,129861169,98.5,100.5,98.0,99.9,1.0,99.9,6,100.0,37,17.11
